flight_id,user_id,city_id
dcfcf562-4841-4732-8678-5159d5e4c9db,4cefd0fa-8982-4d0c-a955-6ac6dd82865d,338ab250-d86b-486e-802e-b45d9d25db46
55730647-7522-4088-baa0-c4a090f53549,c378d1b4-4c35-4308-8608-d25e931d8e7c,cf631c6f-6e98-42a7-848f-8974b6053089
7d22aa07-d6ae-4107-a884-4f6eb6ff85ab,df1a801b-72f5-436f-82b0-17ca4658a8f7,70a1f110-7c31-452d-b839-576917cba2de
ab81178d-973a-4581-9563-3cffc0287eb9,ab08cf34-9b11-44cf-bac1-f2e3f48cc211,9f5732ae-a3c9-49dc-8c3b-2148e343d3ce
c94af512-43c4-43e7-8f64-40f9a6c1b317,8de9ce53-4d2c-4c7c-b783-e95def5484d1,f154746e-4926-47fb-9ee0-31d442557a2b
a82c612e-ac29-4429-aad7-2ac5c2d753a9,a854cc72-b7cc-45a0-81a7-1cb78f318163,9f5732ae-a3c9-49dc-8c3b-2148e343d3ce
ed7a1827-0e13-45fb-9e12-dce476849c7b,de98436a-5896-4e64-9250-2138c77924a9,cc37561e-5b34-4e41-99b1-76ffe52fe939
8ddb6537-4502-46d2-b5ea-4ca07c2a4e14,5ae8a424-2d2d-492a-8f3b-11f272d23fc9,39d8c78c-18ef-42d7-b185-dc5ab44a0439
04669269-53d5-45d9-87f6-a2fb1994515a,03fb2874-ca7b-4537-ad7c-5015d72d15b9,e0962efb-82fc-4eb9-a3ab-e3f2f6977f46
4ce4594b-877d-419c-bf15-748c478dfbde,5bba174c-f004-4c5a-9497-02ec0ebea903,75e0ba52-23f5-49ca-bb58-83f4066a7d25
9d84effe-a10c-4420-8332-0436208d60c0,92a6e636-5998-4630-8afd-6e2c7e46363e,da57a617-622e-4a31-b659-fcb0342aac92
26e56ccb-c2b9-4e71-bcdb-e9c150861483,cc0246c2-e185-4c27-b273-7cd59c5ab444,cf631c6f-6e98-42a7-848f-8974b6053089
2006bed5-996e-4cf0-a08f-cc415a42c9e8,5a87687b-a987-4280-8edb-846a27a2e4a6,0ef39266-9c75-49dc-8ea8-fe5a269f4abb
1083a939-43d6-4f2d-adf8-03b97ad8a1a7,2e8933de-5b0f-47ec-9f3e-084dc5e8e644,0ef39266-9c75-49dc-8ea8-fe5a269f4abb
ea7504f4-89c8-4778-8cdf-93628859e5f8,68e31826-f03e-4672-89f8-85e210448352,f154746e-4926-47fb-9ee0-31d442557a2b
f21a8ffb-e1bd-4103-b5e9-bd5e9b43e989,03f6d9f2-f387-4883-b457-95c915a51108,364f42f9-8e5b-4ccb-8e7e-5291d9b086e6
cdcf45f9-6ff9-426a-8b39-2a95e9bb11b9,0273c0b2-3aac-414a-aa31-bfc7c32da0ce,511e4f00-0118-4143-9cff-4ba82be0cedb
d8b9685c-ed3e-4e29-9f0a-a1c3b7809e9c,496a98a9-caaa-4b13-a74a-fb9806f5b4f5,1128d0cf-95a8-43ad-9bf1-093bb9447769
06deee2c-4506-4d0d-b3ee-3fe0c7587cd6,e1ca180f-c005-4730-bc1e-f9897e63ea38,d2aedda9-212f-4616-abcd-ad63660da198
2c3566d4-a369-4439-8fbe-b29cc8b82dcd,f0050cd5-f481-4b6f-937b-f7442553f8f5,b7ead4ae-93d0-447a-b416-66e49404e116
293cd072-f27f-4845-9cd9-d9d2ab725fb1,c9d04145-f443-48a1-a9cb-21833384166b,1840436e-d494-432a-bf03-df09cc8d961c
b85896d7-ee7d-4a85-b7be-f4e877f3587c,85f133ef-7064-4833-b7aa-626d006d1746,c32ffec9-20cb-47d5-b9d9-b94624d5e46a
f86db1b1-cc4f-4419-87ac-088faed54545,50fa4892-0c25-4597-aa82-6edc156e90eb,48a4fd32-7782-4786-afa5-33f865427c80
92c968e0-9bc2-4885-9ae3-6977180980d3,2c39b656-a025-4e2f-941f-2409fc8412e0,75e0ba52-23f5-49ca-bb58-83f4066a7d25
22268233-baca-424b-b90d-1b08015eed7b,6025f35e-a899-469a-8738-03be1da232f0,99f97a2a-4ca6-4e90-87d7-cced00065508
99d38f1f-f870-4278-930c-3530750c253c,0caa5d22-9e7f-4690-a483-e06de73a6b47,48a4fd32-7782-4786-afa5-33f865427c80
c7f13252-8384-4125-b35e-7af1f7bbb012,b400f2ad-9347-4696-979e-3ee3d0c9611d,f154746e-4926-47fb-9ee0-31d442557a2b
4c95d09e-4a23-4784-9adc-45dea5c12197,b6e021b7-4a9b-40f0-9d77-a506be7b4eb0,19498413-8c33-4bd3-ac6a-1aab91c2da01
49103bfd-59c6-4f40-a7f6-d193d40291d6,3c7df1e4-bf61-4e36-af3d-22291aa01b47,cf8c20d6-d85d-4d28-855b-1d92667aebb6
346b18b2-5230-4512-a37a-cbc306b5394d,00050718-1970-47cc-ac52-04a715727ec4,710b53cf-1f24-477a-8e55-111af9bcbb3c
faa8ad94-e057-4531-8792-9c90189216f9,70dd7373-14ed-4570-ba9a-4ba2280d73f2,b0c39dac-7fd0-48ad-8a28-5e87a9b24c8f
c9449e87-f547-4c55-aebc-7009ced861ee,f7094414-0b2d-47e5-856e-81742e188bba,f154746e-4926-47fb-9ee0-31d442557a2b
cd6f10a5-1854-4b63-96f4-048360357505,d192aa38-8a1f-426f-a391-a8ef15795d6b,177ac18d-a78f-4ada-8344-9b19fc364536
39fe6524-bebb-4542-b5c9-63a24a30a98c,b3167d00-62ac-4648-89a2-32919c0a6621,3ccbbd30-65b1-429b-98fb-0a1ab4f2c065
928570f9-ec0f-4855-99d7-1caedb61c376,974b8ef0-fc2e-4923-923e-5671915f348d,4ba1d58a-7415-45b1-b486-b38280192eb4
f55d8747-deee-460c-b1d8-caeb93b5aa3d,a607d314-49ca-4f7f-aec6-574e718d1480,c32ffec9-20cb-47d5-b9d9-b94624d5e46a
3655c09a-64dc-4cbd-9572-92faa1fd2f9b,b254f425-ccb4-4d04-a1b2-2f60ef123093,9e16ae06-41c0-40e0-9b3e-669a511be1b9
dbba8e82-2862-4681-a5b2-454379a82e36,a855a26e-5c31-4f71-b517-1303a6cc441d,48340b68-3373-4d32-98f7-acc01d7445a1
b099892f-eb90-46a4-85e8-4a1ca8c4fc13,5d66a29f-8212-4732-a7c9-336456134b9b,2052b601-6234-4e7e-8518-e7e97989e85c
0885cec1-d1cc-47f0-96fc-da7286c6d14d,f923f2fb-920d-481b-9156-92fb8570f2ad,94a2d563-8a72-4277-bd18-a88e92fe3bc9
8fa10016-6abd-4a7b-979d-d2119be79d7b,24a8101d-35b2-4f2f-a6cc-8189873df965,6fc4dfac-52d7-483b-adf9-1ee3327dbcca
6fb60bc0-a018-44b9-bc7b-407bb4876e28,5e9ffb44-c83b-442c-8517-125842de42c0,4ba1d58a-7415-45b1-b486-b38280192eb4
cb3b3a1e-18bf-48c5-855f-0991fdb633cc,806925c0-6847-4c57-9da1-45bdea709316,2052b601-6234-4e7e-8518-e7e97989e85c
586e1462-cec3-4356-9478-4d1997f99d41,e1712f92-e2d1-4a9a-90e0-a403fa175c4e,bfd0c62b-e289-4f85-9f02-720136931b75
a4815868-98f7-4954-8ffb-4f9a15c8992e,974b8ef0-fc2e-4923-923e-5671915f348d,cf8c20d6-d85d-4d28-855b-1d92667aebb6
c9de8de5-9a81-4368-b215-ad7096de110d,db8177fd-afa7-475e-92d7-0c6cddb2f5e5,19498413-8c33-4bd3-ac6a-1aab91c2da01
9edf51c8-46ca-464d-b9fd-912e18ebcfc8,55cb1d41-0abd-4a26-acd9-3928437b5a1c,c32ffec9-20cb-47d5-b9d9-b94624d5e46a
690266a6-8ad6-44e7-b147-e7e1ce1f4fa8,fdb42c3d-9d04-48a1-bc3c-dfca07188877,1840436e-d494-432a-bf03-df09cc8d961c
f912b811-d22a-4534-843f-1156e2316a3a,12295f0a-18f7-40c1-b2e7-815fbd8b355a,cf631c6f-6e98-42a7-848f-8974b6053089
6a415b9d-fc50-43ac-8ee8-41d713d21340,a607d314-49ca-4f7f-aec6-574e718d1480,5a6dbbb6-5437-479b-a7d1-abed970b7f04
7096d0d0-5b38-4817-91d3-055db65d07d8,68e31826-f03e-4672-89f8-85e210448352,4a0c6738-1cb6-4a7b-8a3a-0a267629b5b4
7cd9ba82-d93b-4e06-a965-cc1f547e54e6,5bba174c-f004-4c5a-9497-02ec0ebea903,de423d37-0ea6-4798-86b3-1290857737f1
ab167556-92a1-4f43-aa85-e375b3e6ac2e,d0ca34f7-7a1f-485b-933e-5fda122afc06,364f42f9-8e5b-4ccb-8e7e-5291d9b086e6
8e6b0cce-4989-45eb-8698-ac4ae70c1ca3,b0ef421e-3e01-4182-8ff0-9ba2fb455b89,6fc4dfac-52d7-483b-adf9-1ee3327dbcca
f8604884-40ae-4c0f-9f75-61c4e6ab989d,2d7ac621-365b-4f61-88ff-7aaf7ab535cf,338ab250-d86b-486e-802e-b45d9d25db46
ca252934-0436-4f64-803a-c486c3b470dd,70dd7373-14ed-4570-ba9a-4ba2280d73f2,740c49d4-61f0-4c42-99a5-dc912923b731
0bdda123-33be-475e-b991-e77b243d87a7,03a7eb9c-01af-49d7-b3bf-eef3cd844178,cf8c20d6-d85d-4d28-855b-1d92667aebb6
f607499e-3c24-4cfa-abe1-3c6f0fb77f6f,16bf5f14-f170-44e6-8f01-348e82f6c7d9,3ccbbd30-65b1-429b-98fb-0a1ab4f2c065
00a4489d-1d04-4b32-80c7-b9a75aba73c6,f7094414-0b2d-47e5-856e-81742e188bba,cf8c20d6-d85d-4d28-855b-1d92667aebb6
30164280-f6f4-4457-9f98-79e7d3084e91,d5c801a1-3628-43e0-b56e-2fbc142954b2,9df5419e-88d0-44f3-8cd7-027e86c20957
15c2b4a3-25a8-4f7d-9d36-977e7ba72e35,6208672c-a8b7-4250-b8d5-3137dd12b5ff,4f98550f-8bcc-4803-8d23-32bab1f6a3f6
6589f3d9-9576-401a-89e3-f7ab0db92c14,bb5a539d-bb1c-4ef3-bc86-2678972e124c,da57a617-622e-4a31-b659-fcb0342aac92
a23d79c0-10df-40d6-99b3-c72f72bde578,cc0246c2-e185-4c27-b273-7cd59c5ab444,0ef39266-9c75-49dc-8ea8-fe5a269f4abb
0a202182-658b-4533-853c-8111b5fdedd7,aac412fc-c8da-4f34-9810-103d0fd02f8d,cf631c6f-6e98-42a7-848f-8974b6053089
470e84b8-8485-407f-8a80-6f3449a1696a,07b352c3-5316-45c6-9437-4b1cd3d82dfe,3ccbbd30-65b1-429b-98fb-0a1ab4f2c065
97dc0095-2a29-4a4f-afaf-78ce8527b87d,2f26e86d-de6d-499b-836b-52fb6eccf7d0,2cbcb12a-f7f4-4314-8670-86cbdb265265
624c122b-16b8-40c2-8ef4-ad7ce2817bc7,a96ac1ec-ed40-4219-9aa7-936fc2688514,94a2d563-8a72-4277-bd18-a88e92fe3bc9
8af35228-93d6-4377-bdc1-b6ead77b5ab9,505c44f3-16c4-42c3-9eaa-dc6f5da4e2c6,4f98550f-8bcc-4803-8d23-32bab1f6a3f6
684af396-8945-482e-b3cf-15fd87450470,e230af6b-6031-4712-be93-82048fb645a6,4f98550f-8bcc-4803-8d23-32bab1f6a3f6
d87c643e-5e60-4293-8f82-9277fcc9e458,b588edd2-9a0a-4ab3-8940-42fae87e5d67,c32ffec9-20cb-47d5-b9d9-b94624d5e46a
5e37b203-fb66-4c76-8309-09dbbe178866,d47d5d54-4fcd-44e7-b5b9-7578072a0e70,cf631c6f-6e98-42a7-848f-8974b6053089
e29c1dd1-f75f-4bad-a08f-cde02eca19a4,b0ef421e-3e01-4182-8ff0-9ba2fb455b89,cf631c6f-6e98-42a7-848f-8974b6053089
45667033-829d-4d8a-9599-f3e605640972,ab08cf34-9b11-44cf-bac1-f2e3f48cc211,9f5732ae-a3c9-49dc-8c3b-2148e343d3ce
9b20c7d5-719b-4996-8639-15039cef6a19,16bf5f14-f170-44e6-8f01-348e82f6c7d9,84e03489-d383-4dee-b2ec-f80d8f3f49c5
64bc01c2-102d-412b-b802-fb8f2dabf4c4,3f10ee6c-65eb-40ad-98d3-6fd4aca0ed1f,4a0c6738-1cb6-4a7b-8a3a-0a267629b5b4
0cccf888-5fd6-4a2d-b53b-ef52e0b100d0,6f9a5ead-7dda-4fb8-be9f-d52eeeaeec22,f154746e-4926-47fb-9ee0-31d442557a2b
cf80654c-b455-4e4e-911a-da97a8eaa41e,a92e5066-3e98-4989-83a9-a10c6e32db2a,710b53cf-1f24-477a-8e55-111af9bcbb3c
482642e3-4649-48d8-ad94-7c72e25818bb,b78a1630-eb64-487e-a52e-e2e54f36ada6,2cbcb12a-f7f4-4314-8670-86cbdb265265
f6698e9b-9b9b-4260-90df-1f4bd60320d8,f1a06ceb-dae3-4e0f-86b9-e77ae26633eb,4f98550f-8bcc-4803-8d23-32bab1f6a3f6
e32d1876-e251-4349-9fcb-51ec18b86e7c,29d3357b-79cf-4cf4-bbae-bc7c65b56de0,235657ad-1e2b-4706-a727-321477d7196c
086cd934-7d3d-482d-a3c8-a55abdfc5e18,3ea18736-9a11-4e15-b789-98e0322729e4,1128d0cf-95a8-43ad-9bf1-093bb9447769
c99d2fb3-552e-4578-aa02-5b6e4ab95ba4,856ae1d2-a5cf-4d25-8fb1-a19ec896c199,e0962efb-82fc-4eb9-a3ab-e3f2f6977f46
ada6901d-4798-4e5b-b955-e655588a735e,ce635bea-49e1-49c3-8d7d-0bf134318139,021e3aae-f4ff-45e9-8f10-28699a4cbcf9
d8fb1233-8323-435f-ae59-cab5ef0fd17c,6615a4ae-0f47-4249-9173-b52232742171,8803703f-a7ab-45d1-ab0b-ea4205ca2a2e
5bddf13c-ec58-4542-b7fc-cdf9c7a7e36a,625ee75d-21f0-478a-9af9-e32ad7f4dba3,5a6dbbb6-5437-479b-a7d1-abed970b7f04
62479961-3835-4e6b-8c1b-86937a08f2fe,ef21afc1-cfb4-4f5d-9218-447a3b51df3d,6fc4dfac-52d7-483b-adf9-1ee3327dbcca
4e4496e4-0fca-439b-bd06-4f19b7d2f777,2a588a82-23d5-48b4-bf37-db4aed3ffafd,4a0c6738-1cb6-4a7b-8a3a-0a267629b5b4
494fa2f6-5c91-4886-abc7-c38c2659216b,6208672c-a8b7-4250-b8d5-3137dd12b5ff,de423d37-0ea6-4798-86b3-1290857737f1
93290a8c-5b50-470f-819c-f197ec23d6f1,bc5b8cf6-8b4e-425f-8b27-16bffbd0acd7,5181cae0-a98c-4d03-bd67-24bbd3bee374
4108cf2c-dfae-49c7-bc88-9104decff277,e1e0dd5f-41ad-4af4-b390-1844d83af6e3,177ac18d-a78f-4ada-8344-9b19fc364536
b58e7820-8ef9-48db-ae53-a51a4f1b928b,d36088cf-41e4-419e-8a41-d45a5b97df22,2052b601-6234-4e7e-8518-e7e97989e85c
33c58f65-9be4-438e-8aef-262eb35e8251,44ad2d6b-e2f9-491e-95a1-9f4061f3b299,9f5732ae-a3c9-49dc-8c3b-2148e343d3ce
0969a433-2543-4c3f-8c2f-b5667190c643,6d9ac7e1-eac7-4047-95cc-d110cfd6a45d,364f42f9-8e5b-4ccb-8e7e-5291d9b086e6
8d9b20ac-d5c7-44b2-8133-c9ba5d40e41b,be389ab3-e809-48d1-a93b-c0107f33761e,9e16ae06-41c0-40e0-9b3e-669a511be1b9
12dfdfd5-598e-49e3-98b4-24af7081219b,3a94e66c-404f-410d-b647-46726c07981b,4f98550f-8bcc-4803-8d23-32bab1f6a3f6
b9d94866-cac0-4cd5-9d39-2e8972913d20,3c7df1e4-bf61-4e36-af3d-22291aa01b47,364f42f9-8e5b-4ccb-8e7e-5291d9b086e6
92b738ad-938a-44b5-9df9-1ab29128f2d2,5070de5c-50e0-4d6e-8527-9462971de040,aeee9fcd-9f50-4cb5-a463-e8739eb37138
78250428-a33f-412b-bdbc-1e3a4e6a3bb9,e8e98322-8f48-4903-b253-72212514a8d5,b7ead4ae-93d0-447a-b416-66e49404e116
3ea5b5b3-3b3e-4a1b-9da8-f3637629da63,2e40f3b4-ca8c-46b0-a52f-9414fae68e8e,338ab250-d86b-486e-802e-b45d9d25db46
44071d6d-dab6-4e92-a892-ba3cfa884e8c,9a439e17-4d34-4de7-8b83-824b95aa5ab7,2cbcb12a-f7f4-4314-8670-86cbdb265265
20d5fb73-8d78-478a-ae4e-0d4f74014746,375b3595-77f4-41d1-86c1-55458a3eaddc,235657ad-1e2b-4706-a727-321477d7196c
e62c5f5e-ff62-42fe-9f44-518655d74ba8,7e2a0219-829d-467a-91bb-cb8a19d08721,5a6dbbb6-5437-479b-a7d1-abed970b7f04
4f89d075-1d94-4ef5-a5ed-1d972e26bc1e,529390b4-6dab-40ad-bcc3-b5d8e78bd470,19498413-8c33-4bd3-ac6a-1aab91c2da01
68c27815-ac03-4a2b-a947-9a14f33da3fd,07918cbd-5da4-4c56-8862-7e46cb1cc4b0,e0962efb-82fc-4eb9-a3ab-e3f2f6977f46
83779fba-f1af-4709-b509-13191005d188,1d66fbd7-e3ab-434b-8862-c7184b996c3c,84e03489-d383-4dee-b2ec-f80d8f3f49c5
f519797d-fae3-4a7d-b14b-ee44d35a1598,1972de51-11e6-48b5-a586-ba47efa530e9,235657ad-1e2b-4706-a727-321477d7196c
6f4e91f9-3c0f-4d56-90a8-b509f0266d5a,4283d18b-38d5-4a39-a312-c88cf3aaea9e,2052b601-6234-4e7e-8518-e7e97989e85c
417a5e30-197d-4e87-9cae-d16e935d94ff,e763a436-a11c-4ecf-ab89-9dff51bbd30e,b0c39dac-7fd0-48ad-8a28-5e87a9b24c8f
05a7eb99-abc8-49c7-aa5e-5964ca8942d0,b61a0762-9bfe-4547-8e0d-a537d4ce0608,4ba1d58a-7415-45b1-b486-b38280192eb4
a115543b-9096-4d68-81b9-f2f8e998b8bc,45b05188-85be-4e7f-b237-3033f673e4d1,19498413-8c33-4bd3-ac6a-1aab91c2da01
fc7c14da-fd42-4be0-8f8f-bac144665592,04cc2a9b-36f2-4601-9ce6-64775372c130,4a0c6738-1cb6-4a7b-8a3a-0a267629b5b4
01c42935-2dfc-4c84-901b-151acd6b43a5,ff94c07c-d14a-40f6-b45a-22577c9c6cc5,177ac18d-a78f-4ada-8344-9b19fc364536
f7de48c6-4162-4c45-9912-4514ad035345,d182c6fe-2d8c-4a21-8bbd-762ac92e3996,bd4c3b8d-356e-4ad4-b8c2-750e632c02f7
8719209a-3cd1-483d-8e4d-1987d2b3ead6,3d6b3e54-cd5f-4793-baaf-88047c4763a5,511e4f00-0118-4143-9cff-4ba82be0cedb
8b22d83a-1d40-46f7-9b1c-3b5fb420d1f8,3e1c9204-be72-4445-baa5-2e60a7118c1f,fc5eebf2-61bc-4b4b-9677-18854e0fadd7
964167bc-2511-437a-8a82-a3fead3a6684,eba52544-bd62-42b2-8ab4-74bd9668b0e3,aeee9fcd-9f50-4cb5-a463-e8739eb37138
05388150-3139-442d-be68-63ab0b91bfc3,e230af6b-6031-4712-be93-82048fb645a6,5181cae0-a98c-4d03-bd67-24bbd3bee374
d368e915-3829-45b5-bd32-38a45514ae02,9ae143ac-9cc1-4e47-b281-5336db161cf6,6fc4dfac-52d7-483b-adf9-1ee3327dbcca
63f8b24c-e2a6-4b64-8911-48c2350c24d5,2e40f3b4-ca8c-46b0-a52f-9414fae68e8e,b0c39dac-7fd0-48ad-8a28-5e87a9b24c8f
7112ce32-3d31-4092-88e9-2ff7a630b35b,a607d314-49ca-4f7f-aec6-574e718d1480,9f5732ae-a3c9-49dc-8c3b-2148e343d3ce
4be2bc03-8df7-4694-85d8-995576e2f2e4,c2361ccb-174c-4355-89e4-16f39530c5c2,710b53cf-1f24-477a-8e55-111af9bcbb3c
6bb698c2-d44d-43ca-a8f4-0631319fb112,7c261cc7-519a-4182-aa98-3f8f17a175d4,1840436e-d494-432a-bf03-df09cc8d961c
7d4cef3d-9616-4d7e-ab27-1756c746473d,d6ce6ff8-7ee8-466c-af13-832677ab9a8c,d26b3a35-e4aa-4b01-9cbe-5047aaf4246a
f1eefdbb-f9a8-4c8a-b980-0d1b655df62e,73cee6f7-7dba-4167-8227-a558a1f184f2,bfd0c62b-e289-4f85-9f02-720136931b75
cb0cb8f2-f3f9-4f30-8568-81aa8ed05065,9e66f91f-8f90-4662-99af-515b4432b1f7,c32ffec9-20cb-47d5-b9d9-b94624d5e46a
f9db5194-ba0f-4a77-bd0e-68e13c548407,82cc485a-c71b-4217-9373-c35336670a47,48340b68-3373-4d32-98f7-acc01d7445a1
7d0c2193-801d-4d44-a08d-55dc76687ce3,82cc485a-c71b-4217-9373-c35336670a47,48a4fd32-7782-4786-afa5-33f865427c80
bf13b9c9-f489-48f2-a398-939a7736c079,d74ea942-38ca-4ec8-8622-cc514a2aae49,364f42f9-8e5b-4ccb-8e7e-5291d9b086e6
a8f66a13-b727-466d-8210-63e9691683ea,4c5f609c-f227-40f7-b1c5-07ac3d68bee4,b7ead4ae-93d0-447a-b416-66e49404e116
21df4340-6498-4c46-a1e0-a8fee747207d,9a9f2845-689f-4c40-b2d6-ec1cf31db387,84e03489-d383-4dee-b2ec-f80d8f3f49c5
4045a9c8-be80-43c2-bc03-59dc16a40895,2314e4f7-cf77-4621-ac49-ff4a7a31ae21,cf8c20d6-d85d-4d28-855b-1d92667aebb6
bb252554-499b-4905-82fc-dc7189cb2756,82186641-4529-4f9b-9f06-fe9bcd679364,364f42f9-8e5b-4ccb-8e7e-5291d9b086e6
a7112b5e-3ee9-4879-bce7-de2c276e7df7,6c861cc5-46cb-43f2-8189-9e17bf839e2b,d26b3a35-e4aa-4b01-9cbe-5047aaf4246a
8933caf5-855c-4aa7-a067-322d2c8c067c,e0799ab9-1ff8-4752-ad98-e422ebf3d226,2cbcb12a-f7f4-4314-8670-86cbdb265265
baa7f88d-3b7b-4935-aafc-6b9397994079,c262b6e3-565e-43fa-9ddc-88149f6129c7,48a4fd32-7782-4786-afa5-33f865427c80
01ffe0a2-ddbe-4d07-9c50-575b6bae32a6,92a6e636-5998-4630-8afd-6e2c7e46363e,da57a617-622e-4a31-b659-fcb0342aac92
62e5759f-bfc0-4305-a0e9-8f07dc802a0f,62655583-b521-4aef-b3d9-f2367cb6b93d,e0962efb-82fc-4eb9-a3ab-e3f2f6977f46
171a013e-1bd4-4308-96ef-c3e16bbae2c3,319c440c-3462-47f8-9ee8-62826f491e0c,d2aedda9-212f-4616-abcd-ad63660da198
9e5cec2a-a571-4f57-ba23-7614bb544ce4,09391ba1-3faa-4112-b846-2fade87e516f,cf8c20d6-d85d-4d28-855b-1d92667aebb6
ce9eaf68-be44-4f8d-b1b0-ba506b3b3ef5,6ebe1464-8a36-40f0-bef6-d23befd9bb1a,84e03489-d383-4dee-b2ec-f80d8f3f49c5
241e4fbc-da5e-4a81-b636-6991bb309182,62defde4-d0ca-42d2-a180-affec4790755,bd4c3b8d-356e-4ad4-b8c2-750e632c02f7
8b1e8d15-b796-44eb-826c-cd9dc6d45b1a,e205d7b3-bece-4a17-b4fc-5038a51fce49,94a2d563-8a72-4277-bd18-a88e92fe3bc9
67cfc1ae-5a48-483b-8044-358cf53f138c,5e9ffb44-c83b-442c-8517-125842de42c0,39d8c78c-18ef-42d7-b185-dc5ab44a0439
3e447980-5ac4-4187-9371-c2ec00fb4422,87693911-aaf0-46e6-9d30-51740d20011b,99f97a2a-4ca6-4e90-87d7-cced00065508
9289e8e2-9d95-484d-b991-20a83147e8ff,04b6f0cb-9e55-4353-8e16-ab5de52585dc,b7ead4ae-93d0-447a-b416-66e49404e116
44fc9d03-8628-4163-b981-64f4cfe7eb97,aba3949a-0e56-40c9-924c-0dcba3aaac61,cc37561e-5b34-4e41-99b1-76ffe52fe939
283ba710-2403-4b2d-b54f-99f0da1cb31e,9cb3d29e-dc57-44e4-9745-9be2a821807c,9e16ae06-41c0-40e0-9b3e-669a511be1b9
69139dd7-5c70-43ce-a405-200c504aad10,c86302fd-0742-45d8-999b-549021920609,d2aedda9-212f-4616-abcd-ad63660da198
4aab1a3b-b181-4f2c-96c7-fd509f1475dc,29d3357b-79cf-4cf4-bbae-bc7c65b56de0,2cbcb12a-f7f4-4314-8670-86cbdb265265
615384e8-65f2-4105-ac60-9e6662e41bf9,05e0c8e3-f5ca-4516-ac11-a1e38df8eda0,6fc4dfac-52d7-483b-adf9-1ee3327dbcca
72bb8097-ccbb-463e-bb35-f16e6bec9e77,73194197-611e-49e3-ba5a-07da7fa5df71,48a4fd32-7782-4786-afa5-33f865427c80
bab43be3-e60b-44b5-82bf-b03ead4137f8,e763a436-a11c-4ecf-ab89-9dff51bbd30e,cfff0c6d-f33f-4f9b-b6fe-347fd792dc12
fc3964ac-43ce-458f-973a-b46d52ec437e,e4dfa89c-9da9-4970-b0bc-7ec8c81acc6e,cfff0c6d-f33f-4f9b-b6fe-347fd792dc12
7a601dc1-e959-45a7-b66d-a46a0297280b,005da9c0-0b57-4068-b3cc-bb0c645f60bc,d26b3a35-e4aa-4b01-9cbe-5047aaf4246a
85052ccf-7370-4472-8ed1-2b9e48ef30d0,2e40f3b4-ca8c-46b0-a52f-9414fae68e8e,235657ad-1e2b-4706-a727-321477d7196c
f6afce1d-9005-46d6-a5f9-2ba2bcb50d1c,65e027c8-d66b-4fde-b3e4-fd655792c852,48a4fd32-7782-4786-afa5-33f865427c80
3de955cf-a25c-4095-ae59-dcf109406ea2,2756cde3-327e-4f75-b505-77be78fb3534,4ba1d58a-7415-45b1-b486-b38280192eb4
9607aa56-fbb8-40e5-827b-42aabfbbb17f,1972de51-11e6-48b5-a586-ba47efa530e9,177ac18d-a78f-4ada-8344-9b19fc364536
33db45b1-c5d3-498f-ac03-b0396bd8e28f,9ae143ac-9cc1-4e47-b281-5336db161cf6,70a1f110-7c31-452d-b839-576917cba2de
a51e72e6-be52-4bf5-b957-4b6b42b7d152,b0ef421e-3e01-4182-8ff0-9ba2fb455b89,3ccbbd30-65b1-429b-98fb-0a1ab4f2c065
216cfc15-dc48-43de-883b-9267997222c0,7b40dc3b-dca9-4949-9a11-3067d5a33b6d,aeee9fcd-9f50-4cb5-a463-e8739eb37138
e8d3fa5e-6362-4b6d-8ee9-0789ed717476,7b40dc3b-dca9-4949-9a11-3067d5a33b6d,2052b601-6234-4e7e-8518-e7e97989e85c
fde60325-7438-44c9-9eb8-c8dd7d673db6,2ce65475-1089-4145-8208-6de5bea8d02a,aeee9fcd-9f50-4cb5-a463-e8739eb37138
174526ef-6323-4182-98c5-ee647fb9daa0,f23aa504-8a24-4ee4-8248-5dc6bf879eff,da57a617-622e-4a31-b659-fcb0342aac92
b66085b4-4672-4f03-a431-8d0bbe231487,0c5d7a0a-e188-4e20-b115-2e9d69f88241,364f42f9-8e5b-4ccb-8e7e-5291d9b086e6
0333fbee-6f83-48a9-bb0e-0d1720d6ae22,88594cf9-c964-4039-9b9a-fadcbc9e4066,8803703f-a7ab-45d1-ab0b-ea4205ca2a2e
4542a843-d61f-4d3f-9052-c3a8ab4b03f0,f7094414-0b2d-47e5-856e-81742e188bba,9e16ae06-41c0-40e0-9b3e-669a511be1b9
0af441fe-70cd-4c86-bace-8de5dfa09d38,6025f35e-a899-469a-8738-03be1da232f0,39d8c78c-18ef-42d7-b185-dc5ab44a0439
15c693f5-7ac5-4cd6-b0b1-d64251acefc6,afa90f63-3caa-4c93-a2cb-ed05320819b0,d2aedda9-212f-4616-abcd-ad63660da198
abde6efa-d129-43b7-bf80-5d580c8575d2,fcf55e30-4d3e-4040-b39a-6e8967dc04f4,1840436e-d494-432a-bf03-df09cc8d961c
edb08139-1da6-4408-afda-23b31b9fe199,f1a06ceb-dae3-4e0f-86b9-e77ae26633eb,39d8c78c-18ef-42d7-b185-dc5ab44a0439
169f5d0f-e905-4104-b402-8c58ad563296,507dbed3-4082-44c3-ba10-64ce1f673630,235657ad-1e2b-4706-a727-321477d7196c
7374a544-a84e-43fa-937d-92624f403263,82cc485a-c71b-4217-9373-c35336670a47,710b53cf-1f24-477a-8e55-111af9bcbb3c
11a2d9af-0ead-4545-a26f-bbcb4dcac94a,c0cca761-c28c-46a3-b9e4-63fff632c536,2cbcb12a-f7f4-4314-8670-86cbdb265265
50a5bfc7-2dd1-45b6-a5b6-80bd1a114c21,05134442-2b58-4a60-824e-7d3310cd16cf,75e0ba52-23f5-49ca-bb58-83f4066a7d25
d208eda3-284b-4745-a848-8f6e95a58edf,3c1a17fe-d618-4e6d-8c5c-39d83b4da9e9,75e0ba52-23f5-49ca-bb58-83f4066a7d25
fdbb12f2-b0ab-4e02-8cda-ba05011906b0,3f06ddd4-d08e-4fbd-9ee0-91c0c0c12b14,0ef39266-9c75-49dc-8ea8-fe5a269f4abb
cc4cd057-52cc-4668-b81a-8aabc4ecbc5b,3f06ddd4-d08e-4fbd-9ee0-91c0c0c12b14,99f97a2a-4ca6-4e90-87d7-cced00065508
574eb417-484d-4a20-b23d-ac1a93beb818,8b9039c5-1d03-4890-bd58-23cce80dcf70,2052b601-6234-4e7e-8518-e7e97989e85c
cc41e3ff-7976-4c9a-a8e7-cdf11aadfd13,71f386ca-ef2d-452f-8b76-311bf70f6d7e,f154746e-4926-47fb-9ee0-31d442557a2b
31095e6c-f52b-4557-ae63-d3447bc922a5,2ce65475-1089-4145-8208-6de5bea8d02a,75e0ba52-23f5-49ca-bb58-83f4066a7d25
7d162fa9-cf88-40ef-80d2-5cc8938af82b,6615a4ae-0f47-4249-9173-b52232742171,48a4fd32-7782-4786-afa5-33f865427c80
efe3c732-fd52-48e1-bc6b-cf453fe7b781,598b5879-d572-44aa-b90e-39d4651c52a3,e0962efb-82fc-4eb9-a3ab-e3f2f6977f46
3575624b-7b1a-4d0b-8c85-dde4a7eb25f1,05aaffd3-cbf6-4ddf-a380-4e356da0b97f,cc37561e-5b34-4e41-99b1-76ffe52fe939
fe760242-5d2a-4c92-8e7b-8bdf1f90d12f,eba52544-bd62-42b2-8ab4-74bd9668b0e3,1128d0cf-95a8-43ad-9bf1-093bb9447769
f2ab3828-917b-46a4-89c5-01d3fa004923,c5257f9e-9509-4839-a06f-00c4cfebddbd,4ba1d58a-7415-45b1-b486-b38280192eb4
0043e549-3de6-4051-a210-52763b1148b1,b5220075-4da9-49a2-a0f7-a856b745815c,da57a617-622e-4a31-b659-fcb0342aac92
fe5c197e-d82f-4970-8b35-ba64eb361042,349e64bd-d20c-429a-b7fc-849485f76469,70a1f110-7c31-452d-b839-576917cba2de
53c3a815-bf67-483b-a7c6-e1a96d5477cd,86ec5fa0-0af7-4db9-b833-b1853a4257b0,9e16ae06-41c0-40e0-9b3e-669a511be1b9
b87db017-a4b7-4f93-b72f-3e7ec9ba955a,ed0594bc-7021-4103-962a-7b3f575b50e0,3ccbbd30-65b1-429b-98fb-0a1ab4f2c065
c455a7e2-9c6d-418e-9a9e-e97ca96a89c3,3ea18736-9a11-4e15-b789-98e0322729e4,d26b3a35-e4aa-4b01-9cbe-5047aaf4246a
1269d625-9e2f-48a7-9966-d9e0559af70d,95067d7c-92ba-4e67-b6de-f836603852fd,48a4fd32-7782-4786-afa5-33f865427c80
635908d7-0521-439b-9798-05cb94304f10,020058a0-e9c7-40e9-b0b8-1f5834aa584c,5181cae0-a98c-4d03-bd67-24bbd3bee374
043f4ffa-730c-419a-af5f-fd2e6cfbb3d4,0d81e691-7210-4bc2-9f14-af850926d77e,2052b601-6234-4e7e-8518-e7e97989e85c
2ab22de3-1af9-45cb-95a9-c3febd409539,5c6a4ced-0086-4781-97b6-f8aef91323ba,021e3aae-f4ff-45e9-8f10-28699a4cbcf9
b2856092-141c-40ca-8070-025f8046662b,c2919463-5e24-48f0-bb8b-056473a75b4a,bd4c3b8d-356e-4ad4-b8c2-750e632c02f7
eb6c9118-46ac-4452-bc88-df1d0fa4eee7,87693911-aaf0-46e6-9d30-51740d20011b,3ccbbd30-65b1-429b-98fb-0a1ab4f2c065
503aa5f8-6dcb-49d6-b2b2-ae6c591f61e0,232d1f51-cfe7-4814-a4e2-2d24866abb62,19498413-8c33-4bd3-ac6a-1aab91c2da01
b28cd3ff-b33d-4375-b203-ea7bb0af9187,7a2513f2-506b-4b9b-abb4-1d780c673619,511e4f00-0118-4143-9cff-4ba82be0cedb
10381b3c-d56c-407a-a9e0-e522dda4ea7e,4b0ba7aa-d912-48fc-976f-e578f5f81b91,177ac18d-a78f-4ada-8344-9b19fc364536
b6d4ffc6-5f1c-4972-8182-25ebf71f7cc5,2a21c30c-43a2-4f01-9b58-de40f6ae7afb,5181cae0-a98c-4d03-bd67-24bbd3bee374
c2c3a5ee-622f-4acb-8f6a-fb5fd596b613,bb5a539d-bb1c-4ef3-bc86-2678972e124c,c32ffec9-20cb-47d5-b9d9-b94624d5e46a
e6d02bfa-4f5e-4914-ac27-409607d60dc0,8de9ce53-4d2c-4c7c-b783-e95def5484d1,da57a617-622e-4a31-b659-fcb0342aac92
9da8cffa-d951-4cb9-8033-20c1eff5d3cf,c93e1228-97cb-4ed0-8bea-9fcc1295cfb9,e0962efb-82fc-4eb9-a3ab-e3f2f6977f46
f44009d3-61b8-4cde-a43f-95cbfc19572e,a92e5066-3e98-4989-83a9-a10c6e32db2a,cfff0c6d-f33f-4f9b-b6fe-347fd792dc12
d40647ef-5a82-4ff7-af30-6f9572b2f43b,5e93f4e3-c735-4bf3-af6b-09708ba3bc83,021e3aae-f4ff-45e9-8f10-28699a4cbcf9
05f82c07-2b18-4809-a4f7-df219b115b6e,f3f278ed-0359-40d9-a99a-b3ae49f32f72,364f42f9-8e5b-4ccb-8e7e-5291d9b086e6
c1e0ac32-22ca-4b51-9c3b-73731c69ef53,7459a92f-4f4d-45d2-9c1a-fc098445a7f4,740c49d4-61f0-4c42-99a5-dc912923b731
44620c6d-b556-465b-a786-0caab9f23f07,05e0c8e3-f5ca-4516-ac11-a1e38df8eda0,4a0c6738-1cb6-4a7b-8a3a-0a267629b5b4
65a059d4-ca83-4ba8-863a-4f76a465b74c,1972de51-11e6-48b5-a586-ba47efa530e9,f154746e-4926-47fb-9ee0-31d442557a2b
b82920f9-5b75-4bca-af2a-4e6037d32349,ab5c8d60-d0ae-4fb3-802e-113fa7565b6f,94a2d563-8a72-4277-bd18-a88e92fe3bc9
7bb9d38b-29a7-4230-aae1-1d6215d38253,40bbaa37-a95e-4e1d-b4b3-2a9af79e5cad,710b53cf-1f24-477a-8e55-111af9bcbb3c
c079c22d-d654-42c9-89c3-bc76655682c6,b0b6240a-c9c5-44ba-8a64-160c7ace8b01,da57a617-622e-4a31-b659-fcb0342aac92
2376fcf8-e4b8-491d-832a-3df1e75b9d73,7a937608-2a0a-4e89-8742-1ae67473ccb6,48340b68-3373-4d32-98f7-acc01d7445a1
9112d5d4-5272-4211-b94c-6aa136501ba2,4cefd0fa-8982-4d0c-a955-6ac6dd82865d,cf631c6f-6e98-42a7-848f-8974b6053089
1546bc89-15f4-4f71-a744-181610cda84a,5a87687b-a987-4280-8edb-846a27a2e4a6,8803703f-a7ab-45d1-ab0b-ea4205ca2a2e
837f3a37-b5ac-4faa-8254-f77620aff485,25d03186-6094-4e08-9119-a69470b73d85,cf8c20d6-d85d-4d28-855b-1d92667aebb6
0cef3073-a769-4140-b71a-9a69ec81c829,ff94c07c-d14a-40f6-b45a-22577c9c6cc5,70a1f110-7c31-452d-b839-576917cba2de
7399f65d-7b13-4280-9c12-dbc8004f4108,735d79a3-f909-4c8d-9dd1-c6d54e02b9ea,48a4fd32-7782-4786-afa5-33f865427c80
9ea4caaf-11be-4936-814b-c3fdb24bae4e,3ad7c896-49ae-43db-878d-768ba5f8a016,48a4fd32-7782-4786-afa5-33f865427c80
208867fe-22a9-48a0-8724-fdac58aa95b5,2cb3b24c-dccc-4774-9228-bfb2965c978b,4f98550f-8bcc-4803-8d23-32bab1f6a3f6
91408f7d-7651-4ac0-8d6f-4ce6d0f89da2,42eb8d99-a141-4d67-ae95-5db88797590e,c32ffec9-20cb-47d5-b9d9-b94624d5e46a
5fa225f0-0bb4-45da-81f6-f8821a764a69,ef21afc1-cfb4-4f5d-9218-447a3b51df3d,bfd0c62b-e289-4f85-9f02-720136931b75
49b5b764-9896-427c-aa1c-817ed47b9fa6,e230af6b-6031-4712-be93-82048fb645a6,1840436e-d494-432a-bf03-df09cc8d961c
05b24ff4-bfc5-4c39-958f-306078e27869,38de3f84-2998-430f-b505-b8eae20da025,cf631c6f-6e98-42a7-848f-8974b6053089
e446c4d3-3ef8-486a-a885-aa0307b5e688,55cb1d41-0abd-4a26-acd9-3928437b5a1c,740c49d4-61f0-4c42-99a5-dc912923b731
20a83696-428b-42a1-9cc4-7d12921296f0,e269c356-1a1f-41be-b8bc-3f54b7b6b3af,e0962efb-82fc-4eb9-a3ab-e3f2f6977f46
4229f0d5-3fbb-4a80-8e52-3a015c458d75,e269c356-1a1f-41be-b8bc-3f54b7b6b3af,1840436e-d494-432a-bf03-df09cc8d961c
21edc7d9-286b-4fce-9560-81cb6a519dc5,838a11c2-c832-4fe8-8902-4433c4d7911f,235657ad-1e2b-4706-a727-321477d7196c
f5d4711a-fb5e-47c9-9280-aef809482fe9,6f4528a1-c699-400e-9184-6af16b0ac5e7,3ccbbd30-65b1-429b-98fb-0a1ab4f2c065
bc76c4c6-0248-4d2a-b983-7a1e5dbfaf38,ac64b705-8220-47c6-87f6-8dffecf3f4d8,740c49d4-61f0-4c42-99a5-dc912923b731
507bf1ba-6f95-4116-870b-78a5089667fb,bbce9f6c-0e57-4907-8c9f-4a1ba90c9077,48a4fd32-7782-4786-afa5-33f865427c80
2d2c34eb-ca76-4ca3-823d-70b573cc1fee,7e2a0219-829d-467a-91bb-cb8a19d08721,710b53cf-1f24-477a-8e55-111af9bcbb3c
46694256-ebdf-42d7-b9fd-28727bc204c1,b5f5e73e-f902-4693-8f80-45add610ab26,d26b3a35-e4aa-4b01-9cbe-5047aaf4246a
3423641f-4f40-4954-a177-940cc5fa456d,2f302bb9-0aa2-42f5-b3e3-e5e49d59b252,4f98550f-8bcc-4803-8d23-32bab1f6a3f6
a712930f-38f5-42e7-855a-11cba692faf7,c93e1228-97cb-4ed0-8bea-9fcc1295cfb9,d26b3a35-e4aa-4b01-9cbe-5047aaf4246a
5658188d-d58b-4493-a8a8-abdcab8e06b6,8c8860f3-ae65-4ba9-9504-58f2aa5bcc0c,b0c39dac-7fd0-48ad-8a28-5e87a9b24c8f
0852b163-6ff0-4238-aef7-6a302c1c57e5,2aa86410-f913-4b4f-b963-3c77201514e7,3ccbbd30-65b1-429b-98fb-0a1ab4f2c065
7d208ae6-f3fd-49e0-a2dc-0c6d9442bdec,6f4528a1-c699-400e-9184-6af16b0ac5e7,aeee9fcd-9f50-4cb5-a463-e8739eb37138
c3e0d572-1807-498d-880e-19bdcb2f7ac5,8de9ce53-4d2c-4c7c-b783-e95def5484d1,0ef39266-9c75-49dc-8ea8-fe5a269f4abb
0a3c6a33-d454-4c6f-9a11-cf630c95412a,454eb3df-ce44-477c-ad5a-4ebb009497b0,b0c39dac-7fd0-48ad-8a28-5e87a9b24c8f
f23b26ac-a2c1-4997-9849-dc795af32177,a855a26e-5c31-4f71-b517-1303a6cc441d,cf631c6f-6e98-42a7-848f-8974b6053089
2a1ac5cd-6cb4-4055-9f36-cd43a3d2077a,d54adc8e-eb00-4e56-a0a1-57d15df5c21f,19498413-8c33-4bd3-ac6a-1aab91c2da01
432645b3-95fa-447c-aed4-83cca4c31f75,74beb171-1645-46b5-b221-e845f69bd54b,19498413-8c33-4bd3-ac6a-1aab91c2da01
7dbae014-8a14-4786-b66c-8b84fe605e80,2e8933de-5b0f-47ec-9f3e-084dc5e8e644,4ba1d58a-7415-45b1-b486-b38280192eb4
bf19ec5d-f3a3-4373-a9a4-3ed4ae76581f,e56695eb-6d07-48bf-ac8c-c950d636fc1e,bd4c3b8d-356e-4ad4-b8c2-750e632c02f7
04890131-61e5-4959-ae4f-bc961a4a26a9,352ab656-38d7-422a-988e-31fa6352f45a,364f42f9-8e5b-4ccb-8e7e-5291d9b086e6
fc3999b6-faaa-4c97-bcfa-56d068d397ac,d49e6082-56ea-4dac-8a39-7f59b38cd251,235657ad-1e2b-4706-a727-321477d7196c
ddf05405-c7ed-4830-ab67-9e820157f0d3,55cb1d41-0abd-4a26-acd9-3928437b5a1c,740c49d4-61f0-4c42-99a5-dc912923b731
1442aaae-64fb-4d13-acad-8c9036c694e7,11b45d2c-9448-4985-9119-3d837feebd10,e0962efb-82fc-4eb9-a3ab-e3f2f6977f46
46ae8f49-23a2-432c-bf49-fd4b26ea33cb,f3ca117c-48d8-4337-8371-39a021688d59,364f42f9-8e5b-4ccb-8e7e-5291d9b086e6
f149e06d-44dd-4439-9415-954b92c1d24e,f5acb6a2-ee70-4628-bec1-a0395bd0ef63,177ac18d-a78f-4ada-8344-9b19fc364536
8bdc2661-83c3-478a-adb3-b603d8281ee6,26c2e679-9c78-4c89-8d35-e63d17215941,5181cae0-a98c-4d03-bd67-24bbd3bee374
0f1bcfd5-d764-4b4a-aba0-22e31ddc67eb,918bfdc5-5c9d-4560-8d13-0a1020e0bacf,6fc4dfac-52d7-483b-adf9-1ee3327dbcca
92b2a897-3c99-4214-9d5e-3fd07dd13ab9,f1daef39-b05d-4f85-a474-1849128b17a5,bd4c3b8d-356e-4ad4-b8c2-750e632c02f7
82609465-e19b-4d45-8d89-5d0745ee838c,b5220075-4da9-49a2-a0f7-a856b745815c,4ba1d58a-7415-45b1-b486-b38280192eb4
4443ea3c-5dbc-4537-8dfd-c934fa72d7a8,0b9a7d90-4e55-4ec4-8c73-dcd0a9f45076,6fc4dfac-52d7-483b-adf9-1ee3327dbcca
bb48b3af-00f7-4464-8d76-fafb4b6519b9,dc15e136-2559-4594-a2af-ca96682990a8,f154746e-4926-47fb-9ee0-31d442557a2b
a4b9734b-c15a-4103-9ef3-053413ad4f18,e3274968-f25e-4ab4-993e-c799e2fedae3,0ef39266-9c75-49dc-8ea8-fe5a269f4abb
45e753cf-9c38-4d12-8218-3f594d35b9b0,eb79c4e8-461a-46eb-8e78-bc77dd9f92ad,9df5419e-88d0-44f3-8cd7-027e86c20957
98eada7c-5277-4f37-a9eb-f0efd0e1bf18,e205d7b3-bece-4a17-b4fc-5038a51fce49,511e4f00-0118-4143-9cff-4ba82be0cedb
49fa73c9-e317-4792-a8df-10ecc2f88db8,f6039b56-f484-4585-91cf-9430175fd7a4,2cbcb12a-f7f4-4314-8670-86cbdb265265
f2004477-f24b-43e9-bf87-9795598baf23,0ece3608-0819-4493-84ae-7f3d2ea5afff,740c49d4-61f0-4c42-99a5-dc912923b731
ed7177ac-a996-49ab-8037-17e781964952,09391ba1-3faa-4112-b846-2fade87e516f,48a4fd32-7782-4786-afa5-33f865427c80
6ef5aa62-07bd-44dd-9d0b-287b2477f510,2e4b7088-5bd3-43c8-b1c6-cf9d33d1aa1c,364f42f9-8e5b-4ccb-8e7e-5291d9b086e6
6c397297-b928-45c9-86be-8747db880a2b,f23aa504-8a24-4ee4-8248-5dc6bf879eff,b0c39dac-7fd0-48ad-8a28-5e87a9b24c8f
fa0c60c8-b9b5-4a73-beb6-d0fd1d8028c0,3c1a17fe-d618-4e6d-8c5c-39d83b4da9e9,cc37561e-5b34-4e41-99b1-76ffe52fe939
5cd10d51-08c0-4961-8940-e533c4a2890c,2cb3b24c-dccc-4774-9228-bfb2965c978b,f154746e-4926-47fb-9ee0-31d442557a2b
2866b77e-adda-40cb-ab36-ac93f2fc46cd,3ea18736-9a11-4e15-b789-98e0322729e4,cf631c6f-6e98-42a7-848f-8974b6053089
7e4df94e-aaf0-4d21-af14-c75d7aea20b6,aa060da9-d54a-4298-b4da-4e48832b1e48,aeee9fcd-9f50-4cb5-a463-e8739eb37138
0e2743da-2129-4d96-b0ce-e85a9b9a4911,319c440c-3462-47f8-9ee8-62826f491e0c,2052b601-6234-4e7e-8518-e7e97989e85c
fc762437-23b4-4422-a41a-aa5dd7e84427,d3299b27-35c9-4df6-baa1-11792b8a1b34,b0c39dac-7fd0-48ad-8a28-5e87a9b24c8f
ac56fbd8-96bf-49f8-920a-7a7f4de1fdae,afa90f63-3caa-4c93-a2cb-ed05320819b0,1128d0cf-95a8-43ad-9bf1-093bb9447769
0a7080de-5298-4169-b358-8b4197e264a6,9698a56e-8482-45de-aa23-20aa74c7b78f,99f97a2a-4ca6-4e90-87d7-cced00065508
f08ff0da-4cda-4cee-bc8b-af1e90f12f50,2a429617-026c-4d5a-bf4c-fd2271775b3e,48340b68-3373-4d32-98f7-acc01d7445a1
af8d8b91-55e5-4b79-83ec-1ed0b24507fb,7a7d0634-e950-4f6e-8992-fd1b558349b1,021e3aae-f4ff-45e9-8f10-28699a4cbcf9
e0d21851-3b93-485f-8952-08f0aa4258a7,f3f278ed-0359-40d9-a99a-b3ae49f32f72,75e0ba52-23f5-49ca-bb58-83f4066a7d25
e3fa9314-293d-480d-b614-cfea8655faf6,b93a4e0c-e4b6-46a2-abe1-02b6d55b52a8,8803703f-a7ab-45d1-ab0b-ea4205ca2a2e
35691f1b-d708-4a11-9e2b-dd2ab184659a,8b9039c5-1d03-4890-bd58-23cce80dcf70,cf8c20d6-d85d-4d28-855b-1d92667aebb6
d9b02435-9cd5-45cd-81ff-bb710afd7274,a89ca324-e495-427a-8187-52e037c3f21d,9df5419e-88d0-44f3-8cd7-027e86c20957
14ae6273-aa05-46d0-980b-da3c22b4ff2c,6025f35e-a899-469a-8738-03be1da232f0,9df5419e-88d0-44f3-8cd7-027e86c20957
df859c78-b62a-492a-9bf8-df0594778e06,974b8ef0-fc2e-4923-923e-5671915f348d,70a1f110-7c31-452d-b839-576917cba2de
8b06936f-48fe-4495-9cac-469eab23ac9c,24a8101d-35b2-4f2f-a6cc-8189873df965,5a6dbbb6-5437-479b-a7d1-abed970b7f04
a79263de-8207-4132-b464-04bb71b88bba,93e9eb0e-1c4b-4fb2-93fe-1b9f0dad9fde,1128d0cf-95a8-43ad-9bf1-093bb9447769
02d6b77b-aa1c-4606-92bb-6d12c2cc8499,50aab532-4f3a-4920-8b64-434dc7e3288d,f154746e-4926-47fb-9ee0-31d442557a2b
198ab50e-ad5a-49e6-a817-fd61a7c1d4a0,d74ea942-38ca-4ec8-8622-cc514a2aae49,9f5732ae-a3c9-49dc-8c3b-2148e343d3ce
134ca25f-f4f8-49fd-9fe3-fd1e11bbed11,4f2a0321-0e5c-48f0-8fa9-a821c8cfa0ab,364f42f9-8e5b-4ccb-8e7e-5291d9b086e6
ab2fa94a-285c-440b-9967-be90b129ea9a,95067d7c-92ba-4e67-b6de-f836603852fd,cfff0c6d-f33f-4f9b-b6fe-347fd792dc12
48d56247-6e10-4ea4-be2e-db1074dde99a,b649ee40-48f9-4dcb-865f-06aa1cd13343,2052b601-6234-4e7e-8518-e7e97989e85c
9973cb62-5fb4-4518-9e71-ad132a89e282,c881709c-d904-4327-b899-776e64b59878,99f97a2a-4ca6-4e90-87d7-cced00065508
33b65d98-0a83-437e-bf0d-e19ff605a753,bb5a539d-bb1c-4ef3-bc86-2678972e124c,de423d37-0ea6-4798-86b3-1290857737f1
ac819f24-9ad6-4fc5-9682-8759461ebc31,3c1a17fe-d618-4e6d-8c5c-39d83b4da9e9,2cbcb12a-f7f4-4314-8670-86cbdb265265
04f0783f-3c33-4ad4-bc0a-60e20813b447,6993878b-c1d9-4953-9bd0-e3ff596e7aa8,b7ead4ae-93d0-447a-b416-66e49404e116
b8b26f96-3cf6-4913-94c3-863695bc967d,33fd17b7-c7d5-4c07-9b89-466d0ca20565,cfff0c6d-f33f-4f9b-b6fe-347fd792dc12
d094c74d-3463-46f1-a238-6a8f1949d691,dd1d9ffb-5e77-4f06-8066-34ed79a640fc,cc37561e-5b34-4e41-99b1-76ffe52fe939
ce43a0f0-b933-410c-9675-48c5d7294f0e,04cc2a9b-36f2-4601-9ce6-64775372c130,e0962efb-82fc-4eb9-a3ab-e3f2f6977f46
348c73bb-9313-4ed3-b3f7-68fa6b882e52,8a7f3908-1e6d-44d0-b3c6-08122d8f7939,fc5eebf2-61bc-4b4b-9677-18854e0fadd7
c8195725-bf6d-440e-94c3-bc049b54d031,c4a37a06-0665-4bdc-bb54-1497cd926e19,e0962efb-82fc-4eb9-a3ab-e3f2f6977f46
98a57be0-b0e4-4a3c-8fcf-adc042d16018,2aa86410-f913-4b4f-b963-3c77201514e7,710b53cf-1f24-477a-8e55-111af9bcbb3c
26a1e43a-383c-4e0c-9a14-86af202dd8d4,64589e9a-9d43-4d4d-912d-1a8d1ba60479,5a6dbbb6-5437-479b-a7d1-abed970b7f04
106890b5-efc7-4de2-9e95-bc7aae272596,88d5a334-b88c-4bdc-ac63-77c4dc4553a4,4a0c6738-1cb6-4a7b-8a3a-0a267629b5b4
f37c49d1-08e3-465c-8a10-17b3258b3f37,bbc89240-4e87-4988-bbd4-4a8ba49da74f,bd4c3b8d-356e-4ad4-b8c2-750e632c02f7
cb850edb-b974-4b80-829c-4a23e4540270,6f0ed9c3-9f3f-4089-9eb5-6882d669ecc2,4a0c6738-1cb6-4a7b-8a3a-0a267629b5b4
0dc256ed-42c4-47ab-91b1-23a5ff5e7514,8c8860f3-ae65-4ba9-9504-58f2aa5bcc0c,d26b3a35-e4aa-4b01-9cbe-5047aaf4246a
73ba6881-3255-4f6c-9f53-854f450bb49c,671c407f-67b9-4b70-a24f-2a0e75026d53,5181cae0-a98c-4d03-bd67-24bbd3bee374
8121da58-d559-4038-8b05-d63fdea57984,c97a2d66-d32b-450a-a488-9737e254272c,2052b601-6234-4e7e-8518-e7e97989e85c
0ee74ad5-ada1-468a-a42a-f3afc9f2df9f,93bc9a95-6d44-4a73-8354-11ba27a5d45b,39d8c78c-18ef-42d7-b185-dc5ab44a0439
fc116611-f1b5-49a8-a960-22c70f923575,f495bc87-5bcc-472a-bec7-4ed702e949d4,b0c39dac-7fd0-48ad-8a28-5e87a9b24c8f
4698849d-e837-4363-a300-af392140880f,45b05188-85be-4e7f-b237-3033f673e4d1,99f97a2a-4ca6-4e90-87d7-cced00065508
43d42c95-09f0-4306-8e71-a75eb28b1175,6ca2ee36-53f2-4bcb-a889-4d219b3e7a53,710b53cf-1f24-477a-8e55-111af9bcbb3c
d40878de-7cea-446e-9638-f3835c828bbe,003fce29-9037-4971-b454-de40fe18bed1,bfd0c62b-e289-4f85-9f02-720136931b75
6ab757ea-beb7-4284-b1ee-3de24697ad4c,192733da-2cbc-465f-9713-bdddbc151ea5,48a4fd32-7782-4786-afa5-33f865427c80
ccb6c458-0dab-478d-b4ef-8499b8c4f227,bbce9f6c-0e57-4907-8c9f-4a1ba90c9077,4ba1d58a-7415-45b1-b486-b38280192eb4
44308f59-8b10-4e8a-a032-45919ecabcaa,5320b048-f68b-4d48-8579-feaf26a2faba,511e4f00-0118-4143-9cff-4ba82be0cedb
da2bc046-b7f1-40ab-a8d0-0ed0d7c96588,17d21bcd-ef7c-4640-ba3c-782d278d8152,c32ffec9-20cb-47d5-b9d9-b94624d5e46a
c239bd3d-ee13-4138-88eb-091f7e122f5a,5d66a29f-8212-4732-a7c9-336456134b9b,1128d0cf-95a8-43ad-9bf1-093bb9447769
000b6437-abbf-46b7-b90d-57393722172a,93e9eb0e-1c4b-4fb2-93fe-1b9f0dad9fde,8803703f-a7ab-45d1-ab0b-ea4205ca2a2e
0435e1f5-99ec-47c1-a7c4-6388fcc34b7c,04cc2a9b-36f2-4601-9ce6-64775372c130,f154746e-4926-47fb-9ee0-31d442557a2b
992e2c2d-a28e-423a-94f7-ca00bae5171b,66df82dc-cd11-485d-b090-17cc9988082f,3ccbbd30-65b1-429b-98fb-0a1ab4f2c065
70548965-3f70-4e7d-978f-33f4c7558d82,838a11c2-c832-4fe8-8902-4433c4d7911f,4f98550f-8bcc-4803-8d23-32bab1f6a3f6
abe9a03c-ac62-4afe-8868-635b64c10850,5320b048-f68b-4d48-8579-feaf26a2faba,b7ead4ae-93d0-447a-b416-66e49404e116
b3e7cc21-ec01-4a87-b54b-34cd43a68e73,05134442-2b58-4a60-824e-7d3310cd16cf,1128d0cf-95a8-43ad-9bf1-093bb9447769
a5466799-4df9-47e7-95a1-86b75d1aa770,05e0c8e3-f5ca-4516-ac11-a1e38df8eda0,da57a617-622e-4a31-b659-fcb0342aac92
fdf86685-523e-4ba5-ba61-7ad5caa3049a,55cb1d41-0abd-4a26-acd9-3928437b5a1c,4a0c6738-1cb6-4a7b-8a3a-0a267629b5b4
33c2d13b-91ab-444d-acdb-a0941dfcc9e2,c9d04145-f443-48a1-a9cb-21833384166b,d2aedda9-212f-4616-abcd-ad63660da198
05d09147-7b00-40e1-ae53-1e972f45659a,09391ba1-3faa-4112-b846-2fade87e516f,0ef39266-9c75-49dc-8ea8-fe5a269f4abb
23db3b20-8da2-4ddf-af3c-98eb77f5394e,c4a37a06-0665-4bdc-bb54-1497cd926e19,b0c39dac-7fd0-48ad-8a28-5e87a9b24c8f
a6bbd123-06c2-45b7-bdb8-6e50416bc09f,d0c57714-52e1-4a03-b429-ece2222a1986,5a6dbbb6-5437-479b-a7d1-abed970b7f04
afb2a426-68ca-4994-8c09-8b795f3eb7c3,aecf1997-351c-4802-9c4c-71aa3dd3e78d,5181cae0-a98c-4d03-bd67-24bbd3bee374
634e20d6-b1c3-46d7-af3f-c8268206069d,c881709c-d904-4327-b899-776e64b59878,9df5419e-88d0-44f3-8cd7-027e86c20957
267cbaa8-9579-4b6b-afa5-2c8e1f1d80b8,f3a45c8d-1dab-4006-8508-2345cd273636,511e4f00-0118-4143-9cff-4ba82be0cedb
56235550-2ea9-4383-9997-e79fa51d538c,2314e4f7-cf77-4621-ac49-ff4a7a31ae21,70a1f110-7c31-452d-b839-576917cba2de
74167182-6de7-48c5-8a10-7d900ee0f883,4178e50d-90aa-4515-b114-b1994d1779e6,48340b68-3373-4d32-98f7-acc01d7445a1
29d257e5-db5a-4358-bc3e-19502ad66307,a854cc72-b7cc-45a0-81a7-1cb78f318163,aeee9fcd-9f50-4cb5-a463-e8739eb37138
15d4dd52-2bc4-40f9-bbea-f92836070ae4,7e74b106-5ee0-4e0c-9e42-26cebc85d1bb,6fc4dfac-52d7-483b-adf9-1ee3327dbcca
5ad118dd-3487-4b9e-88dd-e80ef6d054f0,ee2cb680-8a8f-4f4c-a228-8da91c16606f,bd4c3b8d-356e-4ad4-b8c2-750e632c02f7
597c4ab3-526d-4655-aeff-f809b0deab1e,a27cd34a-413a-4823-a94f-6b674db29bab,d2aedda9-212f-4616-abcd-ad63660da198
9c2a4c2d-c403-4267-8e77-0243925a069f,a27cd34a-413a-4823-a94f-6b674db29bab,2052b601-6234-4e7e-8518-e7e97989e85c
9493d0fc-8021-403d-9291-abd70c280f1e,7b40dc3b-dca9-4949-9a11-3067d5a33b6d,740c49d4-61f0-4c42-99a5-dc912923b731
7520f139-fbe3-4d5d-8cf2-fd3066625346,acb4b768-8eeb-42d3-880c-4accd00dd592,9f5732ae-a3c9-49dc-8c3b-2148e343d3ce
97bce2d4-f946-4f44-9624-6dd6f87c1e94,279cde09-686e-4225-8824-bd83d290c91b,710b53cf-1f24-477a-8e55-111af9bcbb3c
dcd38157-57e4-45bf-a57d-f823b5219da5,d99f3ef8-e8be-42de-947d-5106715d352c,c32ffec9-20cb-47d5-b9d9-b94624d5e46a
47543964-3e0f-4a03-9033-99287e71d901,ab5c8d60-d0ae-4fb3-802e-113fa7565b6f,c32ffec9-20cb-47d5-b9d9-b94624d5e46a
e6323859-d6dd-4d46-b739-12701fece440,62a2b69f-98ee-41fa-b873-c872f9f47f47,d2aedda9-212f-4616-abcd-ad63660da198
faa5d49e-834d-4460-842f-4466af32cb29,9e707b52-cf22-44be-9c5f-513b205d79cf,e0962efb-82fc-4eb9-a3ab-e3f2f6977f46
2d2f23ae-c5c9-4e04-9001-b2b654143504,1355882f-3f04-4a2f-a84b-dbbb2de55be4,740c49d4-61f0-4c42-99a5-dc912923b731
b3bf2a81-0a8b-4c6e-b828-47bc40775cf6,8b340c79-65b3-4be2-a4c7-4e4d70851d42,021e3aae-f4ff-45e9-8f10-28699a4cbcf9
688e52d2-d140-44f3-9e80-9da1a628dc4a,b9668bd1-87e0-49c5-a128-0d8a3ddb5ea2,cc37561e-5b34-4e41-99b1-76ffe52fe939
04238ef7-0935-4e09-8c02-a7d9c0c056d6,6025f35e-a899-469a-8738-03be1da232f0,4f98550f-8bcc-4803-8d23-32bab1f6a3f6
65b91a41-72c7-4ac1-b69b-52928dae4efe,921ca775-fbcc-4129-b807-1c301ea47ab9,48340b68-3373-4d32-98f7-acc01d7445a1
a32902dd-32a5-4a3d-9787-2f35288dba26,11b45d2c-9448-4985-9119-3d837feebd10,cf631c6f-6e98-42a7-848f-8974b6053089
9717bd4f-d998-4fd7-864c-d1dcba504d74,529390b4-6dab-40ad-bcc3-b5d8e78bd470,9e16ae06-41c0-40e0-9b3e-669a511be1b9
e8fefc9c-5db7-412c-a861-2be427cbc43c,3d6b3e54-cd5f-4793-baaf-88047c4763a5,2052b601-6234-4e7e-8518-e7e97989e85c
7c985e14-92d3-4a1e-af67-019c80a9f004,ac64b705-8220-47c6-87f6-8dffecf3f4d8,cf8c20d6-d85d-4d28-855b-1d92667aebb6
1c647cfe-98ff-4cfb-9385-9c692216760c,770f3af5-6058-4bc7-8635-2959cfe4760b,5181cae0-a98c-4d03-bd67-24bbd3bee374
2c7a3bc0-cf60-4841-b372-10097149a14c,d5c801a1-3628-43e0-b56e-2fbc142954b2,da57a617-622e-4a31-b659-fcb0342aac92
ad013964-f6a7-45c2-bd22-48182f3dc9e0,ff2e2c5c-d7e8-4931-a7e3-ee8b418be321,39d8c78c-18ef-42d7-b185-dc5ab44a0439
c868fa5c-f273-4255-9d58-c06500bbf6f3,632d3d1d-b625-4b5c-ace6-0d398ccfb07b,bd4c3b8d-356e-4ad4-b8c2-750e632c02f7
5fd0d408-65c2-4190-a1a6-a9acc56b112b,b6e021b7-4a9b-40f0-9d77-a506be7b4eb0,4a0c6738-1cb6-4a7b-8a3a-0a267629b5b4
63df3b69-8857-4e67-93d7-4d1e712ccfe9,d3299b27-35c9-4df6-baa1-11792b8a1b34,9f5732ae-a3c9-49dc-8c3b-2148e343d3ce
4d121258-0b1d-48b2-92b3-78a77d35efe6,d0ca34f7-7a1f-485b-933e-5fda122afc06,710b53cf-1f24-477a-8e55-111af9bcbb3c
bb4fb6ab-a3c7-4920-a4f3-cbaeed587ae8,0144f791-33e1-42a1-bcd1-288d9fda64c2,bd4c3b8d-356e-4ad4-b8c2-750e632c02f7
3b7bf210-8b54-4770-91bc-79a6af54e46c,58c422f0-7638-42a4-9863-1a8fcebb6df3,4f98550f-8bcc-4803-8d23-32bab1f6a3f6
a8b768c1-b475-4ad4-a6bb-c8346f2dab59,2e4b7088-5bd3-43c8-b1c6-cf9d33d1aa1c,cf631c6f-6e98-42a7-848f-8974b6053089
95d28a08-db28-496c-92f5-f57f24ec9688,3c7df1e4-bf61-4e36-af3d-22291aa01b47,f154746e-4926-47fb-9ee0-31d442557a2b
e1c59fb8-4bf2-4fd0-9143-44f300bb84ab,2385ef05-c9b6-4b7e-86d0-380a08c20c85,70a1f110-7c31-452d-b839-576917cba2de
e09a0eeb-3e31-4d1c-aa8a-55da289b29f8,6083346a-59be-4256-abe3-169384894146,d2aedda9-212f-4616-abcd-ad63660da198
94fa90de-54f7-4713-a5a7-ba512e3402ed,a4aa211c-8e4f-4226-aea0-1c42daf5adf6,4f98550f-8bcc-4803-8d23-32bab1f6a3f6
7977cc10-46e7-4927-831f-46092ee4c4a3,05aaffd3-cbf6-4ddf-a380-4e356da0b97f,5a6dbbb6-5437-479b-a7d1-abed970b7f04
a9386284-90a4-400e-8534-c43ab3acdf14,8d390cc4-69ac-42f0-abc9-d675cc72b7b9,d26b3a35-e4aa-4b01-9cbe-5047aaf4246a
b60642ce-5aa2-417c-9d3f-2c4eaff06898,67419009-91ec-4d21-993a-e8ac3897b337,48a4fd32-7782-4786-afa5-33f865427c80
a586ce68-cb89-498b-a620-d8d9048cb1ad,953f2821-d7c7-43a8-a87b-ddaf95e6b1b1,4f98550f-8bcc-4803-8d23-32bab1f6a3f6
c4dd6758-32a3-4126-afc5-906dc20eddde,85f133ef-7064-4833-b7aa-626d006d1746,1128d0cf-95a8-43ad-9bf1-093bb9447769
5828a60b-4863-4ac0-90d2-c5e8f3494fbf,88dca2ed-ffd5-456e-99f6-5383e75e4f70,2052b601-6234-4e7e-8518-e7e97989e85c
2a55c759-0938-4e62-8749-e203ef4e0ecc,8b9039c5-1d03-4890-bd58-23cce80dcf70,0ef39266-9c75-49dc-8ea8-fe5a269f4abb
decd8feb-d090-4c08-9fd7-1f801f1485a6,6208672c-a8b7-4250-b8d5-3137dd12b5ff,99f97a2a-4ca6-4e90-87d7-cced00065508
1a35f36a-0437-4693-bd54-be71c83e536a,d192aa38-8a1f-426f-a391-a8ef15795d6b,f154746e-4926-47fb-9ee0-31d442557a2b
acad7b82-a7ed-4aa2-99d0-3c711f60b407,ab1f5e30-bfea-4283-9a13-d06b33e15094,cf8c20d6-d85d-4d28-855b-1d92667aebb6
03269cea-d5ba-48ba-b611-4711aa6742b9,7a2513f2-506b-4b9b-abb4-1d780c673619,48340b68-3373-4d32-98f7-acc01d7445a1
f45e0c4d-9733-4c89-b9b1-49d0c5365e67,58c422f0-7638-42a4-9863-1a8fcebb6df3,de423d37-0ea6-4798-86b3-1290857737f1
539085c2-f98f-44d4-a1c4-86bf23e173bd,d192aa38-8a1f-426f-a391-a8ef15795d6b,9f5732ae-a3c9-49dc-8c3b-2148e343d3ce
a0e10249-cdbc-458c-a0ca-56ff33f96fcd,73194197-611e-49e3-ba5a-07da7fa5df71,2052b601-6234-4e7e-8518-e7e97989e85c
81fcd0fe-4db3-4101-aa02-e02938e4f3a2,fa09b0f4-7895-458c-9091-cb21be0c9ec8,8803703f-a7ab-45d1-ab0b-ea4205ca2a2e
0e7764b0-ad35-483d-a586-14e167b2fb42,25d03186-6094-4e08-9119-a69470b73d85,e0962efb-82fc-4eb9-a3ab-e3f2f6977f46
b5f4d76c-fc98-4db3-a27a-6b73edd3e18a,6ebe1464-8a36-40f0-bef6-d23befd9bb1a,99f97a2a-4ca6-4e90-87d7-cced00065508
aa2ee57c-6084-4d55-bab2-5405dbf012e2,319c440c-3462-47f8-9ee8-62826f491e0c,e0962efb-82fc-4eb9-a3ab-e3f2f6977f46
03241590-caa3-4b80-ae4e-86a168234e5e,05e0c8e3-f5ca-4516-ac11-a1e38df8eda0,9df5419e-88d0-44f3-8cd7-027e86c20957
ecee253e-b2c8-4457-866a-0b5fb9ebd46e,54710732-618f-4afb-9a51-0527be2ae2d1,6fc4dfac-52d7-483b-adf9-1ee3327dbcca
de0838a8-fe8f-48ab-9a5d-d421c4d57452,55cb1d41-0abd-4a26-acd9-3928437b5a1c,48340b68-3373-4d32-98f7-acc01d7445a1
42e767c2-2a0b-4ee3-94b2-aa8088ffcf6d,88594cf9-c964-4039-9b9a-fadcbc9e4066,740c49d4-61f0-4c42-99a5-dc912923b731
a33de78a-080c-4ed9-9546-09d4c6a418d7,505c44f3-16c4-42c3-9eaa-dc6f5da4e2c6,5181cae0-a98c-4d03-bd67-24bbd3bee374
e38872cc-ae08-4b49-8857-e7b926750e08,79b5ac60-28e8-49fd-b4a2-14ac97f261b8,5a6dbbb6-5437-479b-a7d1-abed970b7f04
28b29bf4-bf3c-46a2-a0e6-d23e3e4b1599,de7cd5c3-12b4-45ce-b92a-d186754a9924,75e0ba52-23f5-49ca-bb58-83f4066a7d25
287b8c20-6fa0-437f-ba19-6ce3b7a2ca91,7ee4c77a-187e-4409-ab1e-c6d49e35815d,c32ffec9-20cb-47d5-b9d9-b94624d5e46a
00f37ce6-697c-4766-9198-104e5f6530ea,2f302bb9-0aa2-42f5-b3e3-e5e49d59b252,cc37561e-5b34-4e41-99b1-76ffe52fe939
4af60ded-8c2b-4497-a989-7c91c161d774,918bfdc5-5c9d-4560-8d13-0a1020e0bacf,94a2d563-8a72-4277-bd18-a88e92fe3bc9
887a1cf9-3f11-4aeb-aa87-29393636a3fb,020058a0-e9c7-40e9-b0b8-1f5834aa584c,d26b3a35-e4aa-4b01-9cbe-5047aaf4246a
76ac0e48-53fc-431c-9e57-9fd380fd40dc,2a429617-026c-4d5a-bf4c-fd2271775b3e,48a4fd32-7782-4786-afa5-33f865427c80
ba81425f-3734-4ccb-b827-6abac12d9df0,496a98a9-caaa-4b13-a74a-fb9806f5b4f5,f154746e-4926-47fb-9ee0-31d442557a2b
715f5e29-9c1b-498a-a09d-d8ef8ef02bad,f7094414-0b2d-47e5-856e-81742e188bba,2052b601-6234-4e7e-8518-e7e97989e85c
c3e1895c-5286-4300-9608-e27b7472546d,c378d1b4-4c35-4308-8608-d25e931d8e7c,4ba1d58a-7415-45b1-b486-b38280192eb4
42e50c65-4075-4f27-a0f5-52ca8ad840c5,86ec5fa0-0af7-4db9-b833-b1853a4257b0,511e4f00-0118-4143-9cff-4ba82be0cedb
ac17106b-95a0-4c0d-beac-b50458970251,a92e5066-3e98-4989-83a9-a10c6e32db2a,f154746e-4926-47fb-9ee0-31d442557a2b
b9420253-a820-4673-84d4-1eee4421f080,c40c7738-f53f-4b69-90ff-98b936245bd9,cf8c20d6-d85d-4d28-855b-1d92667aebb6
274c761e-237a-4dd3-93dc-b87135cf519f,49d8b4c6-5087-4130-8e73-320b91da2358,cf631c6f-6e98-42a7-848f-8974b6053089
31da95d2-1c4a-47fb-a0d9-97240e101040,9f8709af-da65-46f9-8226-bd2a48c23182,d2aedda9-212f-4616-abcd-ad63660da198
f6a04b52-d83c-42d1-8495-3bb748bc755e,b649ee40-48f9-4dcb-865f-06aa1cd13343,da57a617-622e-4a31-b659-fcb0342aac92
027f4e09-217d-44de-8c0d-e3d9d7ecc688,f2465ad6-bdd5-4cec-868a-212509d9677a,48a4fd32-7782-4786-afa5-33f865427c80
f500e5c0-538c-4ba2-9d22-4c8db46e4a23,bbc89240-4e87-4988-bbd4-4a8ba49da74f,4ba1d58a-7415-45b1-b486-b38280192eb4
61ffdebe-7e95-4bcf-b06b-89d25fe32ac1,f05c916c-a7ba-43b4-ac39-4727b5d44cd3,2052b601-6234-4e7e-8518-e7e97989e85c
f3b3c397-b53f-46a0-9b6e-ef2187231e0e,8d281bd4-dfde-41b1-bc5c-af92284b0030,19498413-8c33-4bd3-ac6a-1aab91c2da01
e5c7bdf5-64ce-40a3-b85d-f3cb8a421c6a,ed0594bc-7021-4103-962a-7b3f575b50e0,bfd0c62b-e289-4f85-9f02-720136931b75
f08523be-62e0-4cf0-b1a2-d2ddae793fe7,f069d3a3-6558-47de-bc13-d7beb8c0e39b,cc37561e-5b34-4e41-99b1-76ffe52fe939
598cccce-f60d-4910-b278-4a999bc5a9bb,5d8e991c-61e2-4d57-98d9-7e626739f1cb,9df5419e-88d0-44f3-8cd7-027e86c20957
c8690f1c-0537-4d79-a44b-9a31d3916293,454eb3df-ce44-477c-ad5a-4ebb009497b0,9df5419e-88d0-44f3-8cd7-027e86c20957
6e7e45ad-68c6-4516-9146-69f66c5225b7,0d81e691-7210-4bc2-9f14-af850926d77e,021e3aae-f4ff-45e9-8f10-28699a4cbcf9
a12ac7e2-ae51-47a9-be21-13e610bda5ce,0caa5d22-9e7f-4690-a483-e06de73a6b47,1840436e-d494-432a-bf03-df09cc8d961c
6027f557-ad8d-422d-8859-5a08a732c46a,ddc95f5d-8195-4c61-ba30-eeeefba8a368,b7ead4ae-93d0-447a-b416-66e49404e116
9350b236-7ba7-4263-94a3-a2cdc308c623,7dd80e3e-65ea-4cf1-a5ca-e69f2150df09,de423d37-0ea6-4798-86b3-1290857737f1
082ab897-6e72-4863-9ff1-ff771bc86d07,7d9368e2-f854-43a2-8420-2179ff56848a,e0962efb-82fc-4eb9-a3ab-e3f2f6977f46
e7957d3b-0117-4acf-82ff-c16f60a83a6c,f3a45c8d-1dab-4006-8508-2345cd273636,cfff0c6d-f33f-4f9b-b6fe-347fd792dc12
f549c607-7567-47e0-9251-4b7addad5094,4f2a0321-0e5c-48f0-8fa9-a821c8cfa0ab,235657ad-1e2b-4706-a727-321477d7196c
fdfe9cfa-c581-494c-9165-defa6639afcc,931775d0-4999-4887-827e-dcbbfa352280,84e03489-d383-4dee-b2ec-f80d8f3f49c5
d71c1d1e-ad76-4cab-abc8-ccc3ae4a679b,50fa4892-0c25-4597-aa82-6edc156e90eb,4a0c6738-1cb6-4a7b-8a3a-0a267629b5b4
0f12d2d8-8ead-4471-a295-ca1590d1f9a3,3beb1149-5a3e-4983-b6d2-dc2270d9f89c,2052b601-6234-4e7e-8518-e7e97989e85c
2709454f-28db-4b1c-8625-0ad0f59311e6,a89abae7-19db-4623-b353-14df7e02c420,9e16ae06-41c0-40e0-9b3e-669a511be1b9
4da6e8ea-4f70-4ab6-89b2-dcecd5fb8a7d,de98436a-5896-4e64-9250-2138c77924a9,bfd0c62b-e289-4f85-9f02-720136931b75
cbac95c7-39f7-4427-acac-de111451de31,92b62fa7-a4d0-44f1-b243-eb4dac3ec893,e0962efb-82fc-4eb9-a3ab-e3f2f6977f46
d8b57b16-53a3-4f8e-9631-f50eb30512e7,9c2a47e3-13bf-4685-871b-a3c8fa51dee8,d2aedda9-212f-4616-abcd-ad63660da198
413abf95-e712-4b43-ac8e-858ac2b34072,08e9c3c7-c653-4e88-8451-4759a0b0a5ae,aeee9fcd-9f50-4cb5-a463-e8739eb37138
4126e863-d566-4a2d-be07-a9fcc5320d8e,92a6e636-5998-4630-8afd-6e2c7e46363e,8803703f-a7ab-45d1-ab0b-ea4205ca2a2e
c0f0a684-baff-4fca-b5e0-3e54c9723b11,92b62fa7-a4d0-44f1-b243-eb4dac3ec893,b7ead4ae-93d0-447a-b416-66e49404e116
99e10725-fc35-4e27-949d-22960c5aca78,97ad1794-a013-41c1-b8d6-923e37318705,d2aedda9-212f-4616-abcd-ad63660da198
d4432bbb-b58d-40b8-8dd1-3d4b20a01cb2,2385ef05-c9b6-4b7e-86d0-380a08c20c85,bfd0c62b-e289-4f85-9f02-720136931b75
c1f625b1-ae09-424b-8d90-fe5d994ff906,a96ac1ec-ed40-4219-9aa7-936fc2688514,3ccbbd30-65b1-429b-98fb-0a1ab4f2c065
bf747b77-987d-4219-9be4-7651a105c6d3,890fb498-f385-400f-b148-7b345de6c09d,da57a617-622e-4a31-b659-fcb0342aac92
2cb3146d-ce95-4553-9817-cd2893d4759f,c4a37a06-0665-4bdc-bb54-1497cd926e19,bfd0c62b-e289-4f85-9f02-720136931b75
6ccdae2a-79cb-4b91-9ea5-ba0754669bea,2b8c184f-6dd1-4634-8277-c64e52e069f2,b7ead4ae-93d0-447a-b416-66e49404e116
c0b22614-e72c-47a4-bf03-7af6e3a103bf,e4dfa89c-9da9-4970-b0bc-7ec8c81acc6e,d26b3a35-e4aa-4b01-9cbe-5047aaf4246a
a2234dfa-3c7c-434a-bd5c-61234edd7806,116a7fbd-d5a5-4427-be6e-5864a23550be,0ef39266-9c75-49dc-8ea8-fe5a269f4abb
df0d4795-6dc5-463b-9286-ec986c74f743,691822bb-2b8f-4b59-838d-f31d01adca08,740c49d4-61f0-4c42-99a5-dc912923b731
a5c28411-9e98-4d01-bab9-e96329c0f32f,d08b4bee-64aa-4e09-ba27-8db590c68e85,d2aedda9-212f-4616-abcd-ad63660da198
022c56fc-6991-47d5-be3f-fd13b8174d16,a4aa211c-8e4f-4226-aea0-1c42daf5adf6,bd4c3b8d-356e-4ad4-b8c2-750e632c02f7
6703c58b-613b-4c97-95b2-564acb7f6bc9,7a7d0634-e950-4f6e-8992-fd1b558349b1,d2aedda9-212f-4616-abcd-ad63660da198
b23c40b1-7547-42a4-a1e0-020d31a15020,6993878b-c1d9-4953-9bd0-e3ff596e7aa8,bfd0c62b-e289-4f85-9f02-720136931b75
2bab1e51-7e4e-4ba6-8e70-00ae5d2e017a,c6f35dc3-bc00-491d-994f-c76ef1360a85,c32ffec9-20cb-47d5-b9d9-b94624d5e46a
9f7c35fa-5a2e-4143-a000-d4474e94936e,71f386ca-ef2d-452f-8b76-311bf70f6d7e,39d8c78c-18ef-42d7-b185-dc5ab44a0439
de130eb9-fb5c-4a90-abf1-f69e218351d9,c5257f9e-9509-4839-a06f-00c4cfebddbd,48340b68-3373-4d32-98f7-acc01d7445a1
1bf101fe-342d-4e2d-a12a-5b243bf0a4a0,8c8860f3-ae65-4ba9-9504-58f2aa5bcc0c,48340b68-3373-4d32-98f7-acc01d7445a1
1dc1cde1-2b90-4228-9129-32f90ef9a4f3,598b5879-d572-44aa-b90e-39d4651c52a3,94a2d563-8a72-4277-bd18-a88e92fe3bc9
31d2a725-7001-4b8a-9d1b-ca65e592a708,85167dae-1a00-49ac-9a19-6a2258924e30,4a0c6738-1cb6-4a7b-8a3a-0a267629b5b4
120600bc-e1ed-4058-a0f0-bfec53b4ea69,6ebe1464-8a36-40f0-bef6-d23befd9bb1a,cf631c6f-6e98-42a7-848f-8974b6053089
ea9dd6a3-df96-43f9-9645-32c73db3ea5c,05e0c8e3-f5ca-4516-ac11-a1e38df8eda0,4a0c6738-1cb6-4a7b-8a3a-0a267629b5b4
fcbcce9a-eaa1-4b57-9c98-12a3b541b752,7da4f7b6-f133-4081-8f52-8de59a839ca2,5a6dbbb6-5437-479b-a7d1-abed970b7f04
1b6e56cf-2b53-42da-989f-bb86f5d9aba0,e03d6931-24da-4307-9249-e7d1db86534e,9e16ae06-41c0-40e0-9b3e-669a511be1b9
9a348c53-c697-4f13-84dd-0db9734d00f5,4109e247-c263-4bcc-900d-308de33871ee,b0c39dac-7fd0-48ad-8a28-5e87a9b24c8f
1abd34fd-c0bd-448f-a63c-d8cace0fa62d,b88091ea-5458-41b3-8e70-6c170947407d,9f5732ae-a3c9-49dc-8c3b-2148e343d3ce
b27eff57-ec91-4cce-bcc9-eee84bc2571b,352ab656-38d7-422a-988e-31fa6352f45a,bd4c3b8d-356e-4ad4-b8c2-750e632c02f7
39c22fa5-96fe-4eb7-8c55-aec8c59047d1,29d3357b-79cf-4cf4-bbae-bc7c65b56de0,1840436e-d494-432a-bf03-df09cc8d961c
2de698d7-a5d4-48dc-bc39-942f8f545ade,507dbed3-4082-44c3-ba10-64ce1f673630,cfff0c6d-f33f-4f9b-b6fe-347fd792dc12
8996f0df-6dc9-41cf-b981-72eef62e2294,ee874e7e-bfb0-4d30-a136-85de82a66e60,9f5732ae-a3c9-49dc-8c3b-2148e343d3ce
193b3bbb-8075-4391-9810-05774c84a511,db020308-74d3-475f-aa02-fd9e6ec9b3db,cf8c20d6-d85d-4d28-855b-1d92667aebb6
97d95d8f-993a-425c-a5f8-97e643c01eb9,f1daef39-b05d-4f85-a474-1849128b17a5,8803703f-a7ab-45d1-ab0b-ea4205ca2a2e
18318090-3da7-4059-89f7-e5015e421c8d,1a078b8d-24b1-4c91-9697-629f6168cff7,5a6dbbb6-5437-479b-a7d1-abed970b7f04
2053714e-fad0-4336-823a-0c71a481f646,c2919463-5e24-48f0-bb8b-056473a75b4a,4ba1d58a-7415-45b1-b486-b38280192eb4
a57d7fa9-80e0-4e88-8ebf-3d9a9e4abeb6,201f4c38-a415-412f-bad7-47b09cad0c44,cf8c20d6-d85d-4d28-855b-1d92667aebb6
8f750f66-27d4-4cda-b567-59991cc91df5,66e5f16b-bf30-4a5b-9599-f1ad4c053072,cf8c20d6-d85d-4d28-855b-1d92667aebb6
d25f61e6-fe2b-4792-9dc6-a24adba266d7,d36088cf-41e4-419e-8a41-d45a5b97df22,511e4f00-0118-4143-9cff-4ba82be0cedb
97b23819-8aa6-459e-bcfa-551d1a6f8a5f,5c6a4ced-0086-4781-97b6-f8aef91323ba,75e0ba52-23f5-49ca-bb58-83f4066a7d25
87eacf44-9fa2-421d-9f9c-1941f9936616,953f2821-d7c7-43a8-a87b-ddaf95e6b1b1,3ccbbd30-65b1-429b-98fb-0a1ab4f2c065
c7fa9f2f-cf8f-4661-aa15-a034a421747d,66df82dc-cd11-485d-b090-17cc9988082f,b7ead4ae-93d0-447a-b416-66e49404e116
6e3910dc-24ac-4b7d-bab9-bac4093a80f6,6615a4ae-0f47-4249-9173-b52232742171,3ccbbd30-65b1-429b-98fb-0a1ab4f2c065
57daca78-4a69-46bb-9438-754cc6096951,fdb42c3d-9d04-48a1-bc3c-dfca07188877,9f5732ae-a3c9-49dc-8c3b-2148e343d3ce
eca5f797-1da3-41f5-96e3-6dd8745ad54d,43324e21-ed12-4d4c-9725-cfa6f9c94335,8803703f-a7ab-45d1-ab0b-ea4205ca2a2e
8a42ead3-dee4-431d-8be3-4ff37712124d,b254f425-ccb4-4d04-a1b2-2f60ef123093,511e4f00-0118-4143-9cff-4ba82be0cedb
af3745c1-aec1-4ea3-a6b0-d0ff6e26e7ee,c262b6e3-565e-43fa-9ddc-88149f6129c7,39d8c78c-18ef-42d7-b185-dc5ab44a0439
90ad6da0-e81a-4131-94b2-c7a013c5b49a,aba3949a-0e56-40c9-924c-0dcba3aaac61,f154746e-4926-47fb-9ee0-31d442557a2b
fbc50c95-e8e2-4a8a-9546-96d8fabd0670,c69061df-d8ed-44fb-b55b-a7a062ddc804,cc37561e-5b34-4e41-99b1-76ffe52fe939
8da402b2-00df-494f-a800-93fcebcce132,632d3d1d-b625-4b5c-ace6-0d398ccfb07b,4a0c6738-1cb6-4a7b-8a3a-0a267629b5b4
b5ab036d-ff74-4c65-b3c3-1e80835c7112,17d21bcd-ef7c-4640-ba3c-782d278d8152,39d8c78c-18ef-42d7-b185-dc5ab44a0439
3ca68012-3027-4af5-85fd-02138ce8b513,b0ef421e-3e01-4182-8ff0-9ba2fb455b89,511e4f00-0118-4143-9cff-4ba82be0cedb
399a6934-1f86-4224-ba1f-0e0ded641ba8,c1c4ff13-c99c-46a3-8d68-efb8c80048bd,cc37561e-5b34-4e41-99b1-76ffe52fe939
174096b8-9419-45e0-8152-6eac7e92146f,2e4b7088-5bd3-43c8-b1c6-cf9d33d1aa1c,da57a617-622e-4a31-b659-fcb0342aac92
b56fa778-68f7-49f1-88f8-4897a4339a93,85167dae-1a00-49ac-9a19-6a2258924e30,b0c39dac-7fd0-48ad-8a28-5e87a9b24c8f
b88b060a-20af-4862-ad6b-49530ade3770,6615a4ae-0f47-4249-9173-b52232742171,c32ffec9-20cb-47d5-b9d9-b94624d5e46a
99d73d9d-8b16-47f5-82a1-cf5da13e4179,67419009-91ec-4d21-993a-e8ac3897b337,1128d0cf-95a8-43ad-9bf1-093bb9447769
68515e3a-2b71-415c-882e-af9f8092b9b7,2615b575-ce71-4ea5-acb7-8eac53f4df4e,235657ad-1e2b-4706-a727-321477d7196c
9af3ebe5-9b0c-4fcc-9610-46a4ce9ff4ee,b0ef421e-3e01-4182-8ff0-9ba2fb455b89,177ac18d-a78f-4ada-8344-9b19fc364536
df4073ae-c89f-4655-baa9-eb01ff688335,a89ca324-e495-427a-8187-52e037c3f21d,e0962efb-82fc-4eb9-a3ab-e3f2f6977f46
aaa51188-bcbe-44fa-a451-b3797ec0c3a7,3ec32178-8e41-4459-b14d-764f1f2242fc,19498413-8c33-4bd3-ac6a-1aab91c2da01
833c9a38-a45d-4726-b14d-448ceae00bee,2d8ccc54-6e80-4089-8316-19677a8aaf69,75e0ba52-23f5-49ca-bb58-83f4066a7d25
89d2e732-4c1b-4cf7-aaa7-65ffda47dfbd,d0c57714-52e1-4a03-b429-ece2222a1986,338ab250-d86b-486e-802e-b45d9d25db46
85694174-3676-4b08-b112-b0a5395edaa4,5d66a29f-8212-4732-a7c9-336456134b9b,1128d0cf-95a8-43ad-9bf1-093bb9447769
a9ea72ca-5b65-45cb-bef2-3c7075d91334,379c3b5f-3a5a-413f-8f67-444382d9dab4,4a0c6738-1cb6-4a7b-8a3a-0a267629b5b4
f4e0c3c9-b99f-40db-8971-f7acfa9b0871,b61a0762-9bfe-4547-8e0d-a537d4ce0608,cc37561e-5b34-4e41-99b1-76ffe52fe939
c61c9ffa-6b04-4681-92fb-c70a1dc12440,2d8ccc54-6e80-4089-8316-19677a8aaf69,bd4c3b8d-356e-4ad4-b8c2-750e632c02f7
e7e51491-6506-4627-b742-744f4701765b,8b340c79-65b3-4be2-a4c7-4e4d70851d42,48340b68-3373-4d32-98f7-acc01d7445a1
3f72c5c4-a59c-4ac0-b5d9-d4d65e9a9f68,31042907-5f56-484d-8563-e281acb30d2e,c32ffec9-20cb-47d5-b9d9-b94624d5e46a
b322a78f-0e4e-46ea-86b0-f4826594bc73,b9dd6b30-0f59-4bd1-976c-21693e6ab23a,b0c39dac-7fd0-48ad-8a28-5e87a9b24c8f
1e7737b9-8f98-403b-92c9-293b9dd437b6,79f94ab9-4625-4a0d-88a9-aa8f28042ad7,19498413-8c33-4bd3-ac6a-1aab91c2da01
