preference_id,user_id,preference_detail
ec248248-4236-441d-8d76-dc54ffbb4a77,d0862afb-d99f-42c3-a893-ed8d985326cd,create
3d0b752b-22e7-403d-8a9f-26e262ccf57d,50aab532-4f3a-4920-8b64-434dc7e3288d,down
92613e88-8272-499b-8717-7ea77eb591a1,50aab532-4f3a-4920-8b64-434dc7e3288d,try
9a5a50dd-4f5a-4dfa-907c-b651578a46a8,50aab532-4f3a-4920-8b64-434dc7e3288d,kid
2d118002-76e3-47a4-a855-8b42d3674864,307ae717-4f40-4be1-9a1b-354f2cbd302e,fire
b05490d1-0a9a-453a-850a-7b1845581299,307ae717-4f40-4be1-9a1b-354f2cbd302e,study
3e19198c-7ffd-4dd1-8405-8dab698b5df6,5d8e991c-61e2-4d57-98d9-7e626739f1cb,stock
e285b8bc-eeba-452e-89f2-5c01aa962e02,5d8e991c-61e2-4d57-98d9-7e626739f1cb,television
b31a211f-02fd-4539-90da-1ce2a848dbd3,2ce65475-1089-4145-8208-6de5bea8d02a,keep
e4d07212-ce25-4231-8aa6-6f52fef5263f,2ce65475-1089-4145-8208-6de5bea8d02a,along
b5fa6a8f-671e-4243-a0f4-ee2149c769f1,2ce65475-1089-4145-8208-6de5bea8d02a,so
60d9ba9b-a49b-4610-a175-9e8e199be61e,c3a1181f-c2d2-4b87-b8fe-1f85c5e9bb8b,peace
ee6d4248-8daa-4e8e-b99e-a7f9a0d0fdae,c3a1181f-c2d2-4b87-b8fe-1f85c5e9bb8b,continue
c99730e3-e131-4310-b53c-840837e75fb9,c3a1181f-c2d2-4b87-b8fe-1f85c5e9bb8b,join
519d33ae-eed2-4cef-8871-df4b8363a846,72b18b19-cfc7-429a-9c27-7da05828dec6,any
3fc550ec-a872-4218-b3b4-29ab93bf4e10,72b18b19-cfc7-429a-9c27-7da05828dec6,small
b9bafc7a-a2fc-4998-b65d-11f3a27fa4bd,72b18b19-cfc7-429a-9c27-7da05828dec6,figure
04995df6-a943-4ce1-bbfb-8e3e056da959,e230af6b-6031-4712-be93-82048fb645a6,heavy
ebae49d9-a390-46af-b3c1-9c018518e01a,33fd17b7-c7d5-4c07-9b89-466d0ca20565,vote
7192bc75-63ec-4000-a445-b406e6102d1a,33fd17b7-c7d5-4c07-9b89-466d0ca20565,dinner
60c9f664-fb99-4580-beed-fa32894c2b43,08e9c3c7-c653-4e88-8451-4759a0b0a5ae,whether
13066c9d-0659-49e0-99be-6d7fc4a1c0d3,08e9c3c7-c653-4e88-8451-4759a0b0a5ae,business
9cacbf0e-461e-4822-9536-f05c3ad3e759,2b8c184f-6dd1-4634-8277-c64e52e069f2,leave
bdc41ff0-7920-495c-8d61-51df0469481e,2b8c184f-6dd1-4634-8277-c64e52e069f2,series
d208b879-0a08-43ba-897f-a16efe1bb197,65cab987-6e8d-40ab-b510-fefd39ce7f36,main
4774dce2-f680-43b5-b3ac-0163852f4197,65cab987-6e8d-40ab-b510-fefd39ce7f36,state
a51cad88-c0cb-49ad-9be0-582313d63772,b5f5e73e-f902-4693-8f80-45add610ab26,money
816aba31-081a-439b-bea4-4b1c61b09334,b5f5e73e-f902-4693-8f80-45add610ab26,region
79d3b81e-3eed-4665-8f30-4ba2bfd89749,85f133ef-7064-4833-b7aa-626d006d1746,serve
c75fc2dd-cb99-4fab-af2b-0e807f5054a4,85f133ef-7064-4833-b7aa-626d006d1746,anything
3c158950-9ae3-4ca3-8071-b8e631138c93,07b352c3-5316-45c6-9437-4b1cd3d82dfe,for
5ae3f1ee-328a-4a8b-bef2-5602a38745bf,07b352c3-5316-45c6-9437-4b1cd3d82dfe,strong
6df8f48d-821f-42d3-82fc-f7be192c0069,07b352c3-5316-45c6-9437-4b1cd3d82dfe,draw
0ec6b3fc-7452-49f9-a360-fd3449f2c4e1,b1044fcf-6671-4bf9-96e8-dcebdb8a6bc6,participant
87bc3dd5-3022-432d-b73e-9b7dc8b08b9a,b1044fcf-6671-4bf9-96e8-dcebdb8a6bc6,land
4e6be8e7-9fe1-493e-af22-4ccd08cb60b9,b1044fcf-6671-4bf9-96e8-dcebdb8a6bc6,program
65e62041-2a59-47f9-8242-70f11cf7843e,e3274968-f25e-4ab4-993e-c799e2fedae3,expect
1c344424-7829-409e-a9ef-f172a4680b8f,4b0ba7aa-d912-48fc-976f-e578f5f81b91,leader
2dbc0529-9a88-4a41-b0b6-462ae8a0c4f4,4b0ba7aa-d912-48fc-976f-e578f5f81b91,art
d33e0d17-233f-49d4-b826-55f1f64e47c4,4b0ba7aa-d912-48fc-976f-e578f5f81b91,including
16175db7-99c9-443b-8f8d-4aeb43e217ec,6c861cc5-46cb-43f2-8189-9e17bf839e2b,control
01c2a8be-737a-4680-ad93-c055f8aa82e8,6c861cc5-46cb-43f2-8189-9e17bf839e2b,window
3fd5c86f-67db-45af-9d2f-5e5588828e1c,6c861cc5-46cb-43f2-8189-9e17bf839e2b,support
6069c019-4f6d-43cc-9cd2-b3dad367b67d,c1c4ff13-c99c-46a3-8d68-efb8c80048bd,most
4f4b239f-9cd1-4d01-b4fc-b04d7bcffc42,c1c4ff13-c99c-46a3-8d68-efb8c80048bd,remember
faf6e9db-875a-4e5b-8b73-4d6e7c9b6746,e1ca180f-c005-4730-bc1e-f9897e63ea38,still
c8840dc5-efb0-4216-b944-5fe6fa4e5a83,9c2a47e3-13bf-4685-871b-a3c8fa51dee8,yard
cf438b4a-fda9-4452-bcfb-b3d4aefb8f4f,9c2a47e3-13bf-4685-871b-a3c8fa51dee8,second
eae6c6bd-bf50-44e2-8250-edb1d7da3a13,671c407f-67b9-4b70-a24f-2a0e75026d53,drive
b1852e0a-c6cf-4213-afba-621ce20fd839,04b6f0cb-9e55-4353-8e16-ab5de52585dc,tree
247f616b-78d1-4584-be60-0989a5d5a96b,04b6f0cb-9e55-4353-8e16-ab5de52585dc,get
7998ae78-7b66-4c17-bc34-0f5d2bb4a603,04b6f0cb-9e55-4353-8e16-ab5de52585dc,citizen
c564772a-9500-4235-9a58-f5a4376e94b8,6946ce2d-1747-4b3f-a42b-5b12508b667d,line
d869cc8c-b124-4a98-a4a1-01df0068ee81,6946ce2d-1747-4b3f-a42b-5b12508b667d,may
188dccfc-3ce7-4b7c-8d43-13d09050f817,6946ce2d-1747-4b3f-a42b-5b12508b667d,record
6650ee7d-e69c-4f37-9f61-167acfcba927,2a429617-026c-4d5a-bf4c-fd2271775b3e,garden
ffc78cbe-871a-489e-9738-a4fa88ac7607,2a429617-026c-4d5a-bf4c-fd2271775b3e,not
27d88fb8-0a16-4ad9-b1f8-2ec9c189a628,d5c801a1-3628-43e0-b56e-2fbc142954b2,art
2fc8e5af-7dae-4b28-b7e1-241652a0fedf,d5c801a1-3628-43e0-b56e-2fbc142954b2,member
c544d746-fde3-4847-b190-96ea84b9d703,2d7ac621-365b-4f61-88ff-7aaf7ab535cf,wall
1942436e-d4a4-4f74-b366-adfbaf4a6170,2d7ac621-365b-4f61-88ff-7aaf7ab535cf,because
ea845768-1e52-487c-8352-0f519580afe6,d77420b0-489e-4166-b6bc-0e311b88959e,party
f82f545c-5b79-4085-adc7-31da9483e4c9,d77420b0-489e-4166-b6bc-0e311b88959e,skin
2c14e677-c304-4495-9d92-59d8363d01e0,d77420b0-489e-4166-b6bc-0e311b88959e,view
50b64108-7049-4aff-9c02-ed1948c4c885,4727574c-36db-43db-802c-506f12f18d54,anything
4d5ef83a-261f-40f3-86e3-e9f3aa05907c,4727574c-36db-43db-802c-506f12f18d54,guess
e4644655-24f0-4877-808e-6b283f9b4ec0,4727574c-36db-43db-802c-506f12f18d54,sense
59757660-cb48-48e1-9ebf-5ce2326842db,5fabf0dc-c846-4b11-83de-96a3bb1770ac,mission
ae13efe9-1cf1-44d7-84f5-e0205f7987f0,5fabf0dc-c846-4b11-83de-96a3bb1770ac,career
0c1fe50b-7ac2-4b82-ac70-8b66056a5a39,5fabf0dc-c846-4b11-83de-96a3bb1770ac,line
850e6544-0b41-4ef4-ad6c-d5c35e4bddc9,6ca2ee36-53f2-4bcb-a889-4d219b3e7a53,opportunity
c15c0a28-f862-4514-a522-2c4b2f56f4fc,2aa86410-f913-4b4f-b963-3c77201514e7,fast
76f3aa32-ed68-4057-bf75-7791da470986,2aa86410-f913-4b4f-b963-3c77201514e7,here
bfa4e2c8-f30a-497e-84a0-5944a5da204b,0bbd5be0-929d-4110-910c-8a35cb3d53b9,some
dcc895f2-ac4b-425d-af95-16052da2a695,d99f3ef8-e8be-42de-947d-5106715d352c,center
e54a86c9-d56a-4858-ba66-650e99d84e1a,d99f3ef8-e8be-42de-947d-5106715d352c,follow
99302af4-a7ac-4e13-b0f3-295c10fb3f4e,d99f3ef8-e8be-42de-947d-5106715d352c,turn
600024e7-2b36-4fe2-8c85-83aa64fdf7cb,e0799ab9-1ff8-4752-ad98-e422ebf3d226,card
4c467890-b0ed-4ee0-bab3-b1d025df6716,e0799ab9-1ff8-4752-ad98-e422ebf3d226,sign
5bd88ead-4db8-4331-8920-e893bde74293,e0799ab9-1ff8-4752-ad98-e422ebf3d226,section
26b1a116-daed-4688-abf7-57538cd6379d,de98436a-5896-4e64-9250-2138c77924a9,level
3165cafa-a230-43ab-a1f6-db36e5e7af59,17d21bcd-ef7c-4640-ba3c-782d278d8152,remember
7442f25e-9773-4c59-a84e-e78d5ce54b03,17d21bcd-ef7c-4640-ba3c-782d278d8152,arrive
30ef6ba1-72f7-4907-87e9-3c0ec121d44e,c2361ccb-174c-4355-89e4-16f39530c5c2,phone
70ef576b-ffa4-4338-b884-9d3ed7d15378,c2361ccb-174c-4355-89e4-16f39530c5c2,example
03ff6d0e-6b1f-431b-a059-0ea6ed40a5d9,85167dae-1a00-49ac-9a19-6a2258924e30,east
4b682d03-a8b9-4bf0-9575-2f9afc336ddb,85167dae-1a00-49ac-9a19-6a2258924e30,idea
8b208cd5-1128-44b2-b156-6a6006e5e993,85167dae-1a00-49ac-9a19-6a2258924e30,likely
246bbd3a-f857-4b5c-baee-0e60260efc2b,005da9c0-0b57-4068-b3cc-bb0c645f60bc,to
901b9ee4-ee7f-47bc-a38e-614b1d2466cd,005da9c0-0b57-4068-b3cc-bb0c645f60bc,father
faa6211a-25cd-4d54-a26a-e4fdec31d610,005da9c0-0b57-4068-b3cc-bb0c645f60bc,whatever
6225f70b-8131-4be0-9600-7974f0581720,496a98a9-caaa-4b13-a74a-fb9806f5b4f5,know
dd2d1278-4535-4e45-907f-2d09470ce4e9,496a98a9-caaa-4b13-a74a-fb9806f5b4f5,size
61500777-b0de-477a-9948-9b4b8fd790cc,496a98a9-caaa-4b13-a74a-fb9806f5b4f5,important
ca9fcc9b-0d70-484a-92f3-36106429781b,784ba413-c9ae-49d6-aae6-5be788452b7e,speak
acb31b61-1fde-44b7-906e-52e005b7c343,784ba413-c9ae-49d6-aae6-5be788452b7e,pretty
0571a662-26df-4a95-b744-275298f527a4,21c2fefd-e359-4df5-9e9e-5302d37e6bf2,perhaps
88615f91-5dab-47f5-bc57-6b4d11abd5e7,a872f13d-1654-4db3-97d4-3d381e7d6976,responsibility
77f54e68-16f3-44f8-85dc-cd32acacf80a,a872f13d-1654-4db3-97d4-3d381e7d6976,however
a65d0b57-0b9d-4461-a615-8452617cd84b,a872f13d-1654-4db3-97d4-3d381e7d6976,relationship
92e85837-45c0-4550-869d-e22e65970b5e,d08b4bee-64aa-4e09-ba27-8db590c68e85,type
46c579f5-8d83-44dd-b793-1b0f26ab2bfc,d08b4bee-64aa-4e09-ba27-8db590c68e85,much
a0f443e2-ead7-45c1-bc7c-8a5d3faa457b,d08b4bee-64aa-4e09-ba27-8db590c68e85,get
a641d0b7-492f-4120-98ec-362ff590b94e,319c440c-3462-47f8-9ee8-62826f491e0c,magazine
fe716bd2-51ea-4e8b-a850-cc67a462a3cd,62a2b69f-98ee-41fa-b873-c872f9f47f47,capital
a4a0a853-f355-4815-9950-91a9e112dc1d,62a2b69f-98ee-41fa-b873-c872f9f47f47,professional
01c5c57f-233a-40db-8da8-44f30152933a,252b9cda-703d-4833-8888-6c626213001c,agency
72197517-c38a-41e8-a348-3dbecfaf3cbf,252b9cda-703d-4833-8888-6c626213001c,recently
2fdf3d89-9120-4956-af15-08b861d84d68,252b9cda-703d-4833-8888-6c626213001c,close
06818487-00f8-480f-9f95-2d07901d2ae3,9e707b52-cf22-44be-9c5f-513b205d79cf,pressure
dcb866b9-6b2e-4c8b-b32a-94fa18fa501f,9e707b52-cf22-44be-9c5f-513b205d79cf,source
ef7499d1-7b3e-4f39-a8a9-4fb90b432405,09391ba1-3faa-4112-b846-2fade87e516f,common
c2653134-e830-4692-9759-10453e5d395f,09391ba1-3faa-4112-b846-2fade87e516f,blue
db885436-20fd-41c1-bd0a-99e80631d607,09391ba1-3faa-4112-b846-2fade87e516f,economic
f15f2f8b-b2bd-4c7e-98f4-b77805fac49f,3e1c9204-be72-4445-baa5-2e60a7118c1f,suddenly
4796e874-a40f-40d5-97e3-f5719b925d10,3e1c9204-be72-4445-baa5-2e60a7118c1f,democratic
3ec8b6b4-078e-491f-b3a5-cf80967aec46,9996fa99-ec8d-4967-9af3-734205ae41e7,voice
0682866e-11a8-4781-9ad3-d959af357804,f923f2fb-920d-481b-9156-92fb8570f2ad,in
12caaaab-204a-47f0-b21c-f2138a7aa508,f923f2fb-920d-481b-9156-92fb8570f2ad,federal
d43460c0-487a-412f-be92-d92db8521733,f923f2fb-920d-481b-9156-92fb8570f2ad,very
5833e00e-24fc-41da-ba96-bb86b52f965d,c0cca761-c28c-46a3-b9e4-63fff632c536,right
2ea321ec-1185-408e-ad5c-293c09fc5803,c0cca761-c28c-46a3-b9e4-63fff632c536,create
482d6ab7-15df-44f6-85c3-5f7fdbe815e6,c0cca761-c28c-46a3-b9e4-63fff632c536,rise
a5361bff-e4c5-470a-b283-50ddd45999fa,bbce9f6c-0e57-4907-8c9f-4a1ba90c9077,stand
bfa3d717-8527-4ee6-9a98-7b476123948f,bbce9f6c-0e57-4907-8c9f-4a1ba90c9077,hot
7a4c8143-b3c1-4856-8883-de82f4a7b489,bbce9f6c-0e57-4907-8c9f-4a1ba90c9077,lose
7ccfd2d2-a91b-42e8-84d9-810071a4560e,b649ee40-48f9-4dcb-865f-06aa1cd13343,everyone
f2fbfb45-5d99-4a36-8ffe-0c195c0c4952,b649ee40-48f9-4dcb-865f-06aa1cd13343,vote
3e032799-618f-464e-962a-aca85a8e0509,b649ee40-48f9-4dcb-865f-06aa1cd13343,between
320b3ee6-899d-4f6e-952e-e3fa8bbfb3a0,253c888c-0ccd-4436-a939-1b1c3b36e0a0,single
0a238ddf-20a0-46a6-aebc-a6b8400e9c64,253c888c-0ccd-4436-a939-1b1c3b36e0a0,yet
82e018b3-a787-4cd3-9bf4-b247babaaf7c,253c888c-0ccd-4436-a939-1b1c3b36e0a0,of
c59b6ab2-97d6-41cc-8862-f327335a847b,c4a37a06-0665-4bdc-bb54-1497cd926e19,nation
a0309226-eb32-4ba6-b890-6af7eff69d69,e56695eb-6d07-48bf-ac8c-c950d636fc1e,present
207c7ce8-0201-4e56-90cd-4050fb1266d8,e56695eb-6d07-48bf-ac8c-c950d636fc1e,child
1b0cbd56-8521-4d1b-a913-2237b782239a,e56695eb-6d07-48bf-ac8c-c950d636fc1e,understand
fe282699-40b5-4e78-86b8-36f616f0ac56,69d3e3e0-7d27-4ccc-ad62-45f0782dca11,food
14ca7b49-becc-4cbb-960c-15a7e726f19d,69d3e3e0-7d27-4ccc-ad62-45f0782dca11,two
18fa9e25-1544-4d4b-8e10-94ffa6531a69,69d3e3e0-7d27-4ccc-ad62-45f0782dca11,despite
071006d8-26cc-424c-a50c-cf60a2886694,7dd80e3e-65ea-4cf1-a5ca-e69f2150df09,laugh
96b46c85-78d4-4a9f-9ad2-34fad88b5c81,7dd80e3e-65ea-4cf1-a5ca-e69f2150df09,old
6adc4c8c-6ede-46d1-9b8e-2e0b20968fbb,962ff690-2b41-445e-8d9f-12cf6d0ac08f,marriage
554124ce-caef-4e5e-ab61-8d578fbe6f1e,962ff690-2b41-445e-8d9f-12cf6d0ac08f,spring
27e89a15-b3fc-49c0-b15d-b0bbdee0e934,962ff690-2b41-445e-8d9f-12cf6d0ac08f,late
6b1e3826-3076-4071-81a2-7cbd61506f13,d1318f61-c4cf-4f47-b22b-eda40f7885a4,society
cda5e21b-2d86-4833-ac3f-e2b500a74688,d1318f61-c4cf-4f47-b22b-eda40f7885a4,born
22d6f241-e32e-40aa-80fd-4fa30133c6aa,04cc2a9b-36f2-4601-9ce6-64775372c130,party
270a9942-d474-44c3-84a9-c6637c563535,a984dd39-90a1-4db9-8407-758a91da130f,represent
756d4026-a0bb-4a70-bd74-c5b3ecbc1515,a984dd39-90a1-4db9-8407-758a91da130f,manager
5d2dfe1d-30ea-4b46-b1e4-9d016d63f530,4f2a0321-0e5c-48f0-8fa9-a821c8cfa0ab,bit
9385f09d-72e8-46c9-9d7d-d41cbf8ecd7d,4f2a0321-0e5c-48f0-8fa9-a821c8cfa0ab,break
b6ac5b42-471e-4a78-a206-5311b695b291,bb5a539d-bb1c-4ef3-bc86-2678972e124c,feel
724231d6-ac97-49af-bbf2-c38d9779fedb,21b941f6-a018-4d77-af5b-6bb6c77d9ac6,entire
3e80419d-1e15-407c-b321-4462eb198e8e,d49e6082-56ea-4dac-8a39-7f59b38cd251,your
b1e3272b-77ff-4100-a11c-bab5f48ded4b,d49e6082-56ea-4dac-8a39-7f59b38cd251,wear
ae84c6d8-7388-40f8-b4a4-40c817098c36,506ad46d-06fc-49ac-8215-a10afc67b31e,partner
eee4c329-6d96-4889-a3fa-1ddd88ba18c5,506ad46d-06fc-49ac-8215-a10afc67b31e,public
5437ee47-22f3-4bfd-8a89-96fab2c9d705,d54adc8e-eb00-4e56-a0a1-57d15df5c21f,population
59f89a37-0316-4dc5-b9be-666f7b21518b,25d03186-6094-4e08-9119-a69470b73d85,foreign
3fc07fbd-4d3c-4034-ae53-c605c7377675,9ae143ac-9cc1-4e47-b281-5336db161cf6,phone
22827deb-b0e8-46f9-9050-176de98c02c1,29d3357b-79cf-4cf4-bbae-bc7c65b56de0,several
a584c277-151c-4dd6-bce2-fa23400efd7d,93e9eb0e-1c4b-4fb2-93fe-1b9f0dad9fde,coach
4b89e9e5-cf37-4524-9080-1615a49e1c8e,02bd141e-0d82-4a58-80d6-19b335d50530,agreement
83007af2-b7f8-4a0e-a239-96d58e37a738,02bd141e-0d82-4a58-80d6-19b335d50530,bill
b2df8f28-1de8-495c-9b3d-a63065319d2a,b61a0762-9bfe-4547-8e0d-a537d4ce0608,relate
0952cdfc-3562-475e-bef0-88ec9172f73c,0fc9ca7f-a920-4f27-8713-5099ea88dab5,none
de44aaf6-0da7-4cc9-824c-191805fcf2bc,0fc9ca7f-a920-4f27-8713-5099ea88dab5,couple
e3e3d01f-2e2b-4096-b9f8-2f5bf7c18396,0fc9ca7f-a920-4f27-8713-5099ea88dab5,boy
4ed00af5-4fbd-4914-9a91-8458a77b6ad5,918bfdc5-5c9d-4560-8d13-0a1020e0bacf,local
91562d08-1f16-4a59-9a63-220dc8a856da,918bfdc5-5c9d-4560-8d13-0a1020e0bacf,industry
2229f1a8-34fe-4548-969f-bfbb74508d71,918bfdc5-5c9d-4560-8d13-0a1020e0bacf,full
83d4f040-d84d-4cbe-b7ea-192fdb94008c,88594cf9-c964-4039-9b9a-fadcbc9e4066,fall
07a24cc1-caaa-44d8-b7d0-072321810fdb,88594cf9-c964-4039-9b9a-fadcbc9e4066,finish
d7ea7972-4aa3-43cd-ac3a-a2ea60b56d2a,88594cf9-c964-4039-9b9a-fadcbc9e4066,federal
2b153c89-4f14-413b-9d54-3ff9cb2bb639,8f8ead93-38ca-4313-b70c-2497d79c27ab,example
51ec7b7c-fb72-416a-829b-b96bf7afec03,8f8ead93-38ca-4313-b70c-2497d79c27ab,later
d54849ab-7fed-4944-8ce7-fb0911449a7a,8f8ead93-38ca-4313-b70c-2497d79c27ab,agree
638ae376-a20b-4733-af56-78157ebe9a80,d5614bae-35be-41b4-ab86-e3a6f942a9f3,authority
47f05b87-0750-4894-8ebe-742b9470a66e,9f549b0c-a95f-4f61-8fde-15ec61b95500,appear
09cd7b1e-1046-49d1-9755-fd5607bdaf0e,9f549b0c-a95f-4f61-8fde-15ec61b95500,region
7b027c87-6c85-4cd7-8da0-0f9d3e90a9b9,9f549b0c-a95f-4f61-8fde-15ec61b95500,Mrs
5b3c3fe2-3882-488e-8ebb-1f6564e2373c,5ae8a424-2d2d-492a-8f3b-11f272d23fc9,sound
f32045ac-5640-4bb8-b6e9-548c8a727def,5ae8a424-2d2d-492a-8f3b-11f272d23fc9,modern
e42a7989-6564-4dc2-a7df-c847754fb0f1,ba1acbf3-a99d-47b0-bdef-ce55a0081e34,arrive
f9572169-ab4e-489a-b56b-d93a9864a06c,ba1acbf3-a99d-47b0-bdef-ce55a0081e34,also
dd05fb5f-9d9d-48c6-b66c-d4d57ef8d46d,ba1acbf3-a99d-47b0-bdef-ce55a0081e34,clear
b8938cb5-ea81-4771-8c4e-0466a9925c92,ad102ed9-f08e-43ad-8243-82ff1720d3e8,value
861d9871-da2a-41e0-9755-9654c6645d87,e4dfa89c-9da9-4970-b0bc-7ec8c81acc6e,summer
0f66b391-5cc6-457d-b9a5-767e04568b3c,e4dfa89c-9da9-4970-b0bc-7ec8c81acc6e,perform
6c466c02-483b-4777-98cb-98ca266ed398,e4dfa89c-9da9-4970-b0bc-7ec8c81acc6e,space
2143cf58-f91e-495b-a5af-77af77f86f50,79f94ab9-4625-4a0d-88a9-aa8f28042ad7,check
12fd17ba-a04a-4ad0-9146-1e27a9fbd9c3,79f94ab9-4625-4a0d-88a9-aa8f28042ad7,product
ab5b1986-7296-45d3-bdc9-312e16b176c7,00050718-1970-47cc-ac52-04a715727ec4,let
31937e3b-25ca-419a-9fa6-d2831d7c09ca,1a078b8d-24b1-4c91-9697-629f6168cff7,what
2ea13c6d-9a3d-417d-a5d8-600c693eb0ab,3e2c0d38-24da-4af2-aa13-1fd1c81c025d,hard
0e83553e-161b-4373-b714-dbdd95909dc7,d192aa38-8a1f-426f-a391-a8ef15795d6b,economy
09e0947d-f2a6-4d7e-969d-631c2ebe2076,d192aa38-8a1f-426f-a391-a8ef15795d6b,land
b31bcfae-1202-4721-b9ee-17e90e00a932,d192aa38-8a1f-426f-a391-a8ef15795d6b,compare
543db8ea-df5d-4e1d-a360-b4be6f61618e,c51ed9e8-1a3e-4c88-9d42-7abaccb1af06,become
4818d8ed-4d32-47bb-bd7f-b6a0a7f2a795,c51ed9e8-1a3e-4c88-9d42-7abaccb1af06,decide
306afe50-7111-413d-a802-5dbdc85c4156,c51ed9e8-1a3e-4c88-9d42-7abaccb1af06,Mrs
4616b32c-5be7-4ba3-b806-e9d807678d2c,30bd8929-dd5c-4365-9075-d0e3601de733,citizen
9c0f9c3f-3b15-428b-9018-d5de0a74d1ce,6baee76b-de92-40f8-80c9-27c9fc631131,for
99cdde9f-4e13-4320-a0a8-808c8378db79,6baee76b-de92-40f8-80c9-27c9fc631131,five
f26c6352-8632-4a2a-8c69-625259b843c8,6baee76b-de92-40f8-80c9-27c9fc631131,agency
37d1c1a2-c19d-447c-a43b-2e2413972522,eacefc6a-b86e-4543-bebd-9cd719b2fa4d,reflect
7f5ed2e6-bd06-4a52-8595-2a78ad2264ab,eacefc6a-b86e-4543-bebd-9cd719b2fa4d,specific
2f1a278c-12b8-4c1a-80d4-34b3987fe035,3ea18736-9a11-4e15-b789-98e0322729e4,impact
57e9be60-30ab-4cbb-8a91-7df978fe08cc,2b093917-0b06-46a9-bd91-411383ec80b7,consider
41965942-c3c0-4738-892d-2decd59bfe04,2b093917-0b06-46a9-bd91-411383ec80b7,base
4ac096b4-3aec-449b-9229-2f79e396572e,7da4f7b6-f133-4081-8f52-8de59a839ca2,peace
15e3ea51-ea90-4431-9362-330989f42d2b,7da4f7b6-f133-4081-8f52-8de59a839ca2,forward
15e1eac6-28b0-4bd4-b0fc-c4feb0d155cf,96c6df83-2ee8-4818-8c86-914c8f7d305b,service
d50fc9f3-4cd7-4a56-84fc-d717ba5fe917,96c6df83-2ee8-4818-8c86-914c8f7d305b,our
a474b610-00b9-4661-b822-80277e101db3,96c6df83-2ee8-4818-8c86-914c8f7d305b,suddenly
3f7961bd-de45-4330-b4b0-9c4af73bf5b0,507dbed3-4082-44c3-ba10-64ce1f673630,compare
fc89c487-e942-4230-a91a-d798c26234e4,507dbed3-4082-44c3-ba10-64ce1f673630,class
7ccfe002-53e9-4327-b7d5-f8a718d6b452,507dbed3-4082-44c3-ba10-64ce1f673630,look
8cc47503-45d5-489a-a07d-fd4eb8abdffc,5e93f4e3-c735-4bf3-af6b-09708ba3bc83,world
a04bd6c3-459c-4522-8b77-6cda188a51b6,a56378c5-9f86-4ef3-a2d5-5351dfc46f20,leader
3e380b6e-56a3-403d-a467-dd70908df243,a56378c5-9f86-4ef3-a2d5-5351dfc46f20,table
81e77842-f1f7-49c2-b364-c19704faa73e,8593a7cd-cfde-4c39-b3f3-b564142c878d,growth
525b32e4-fc29-4021-aae4-25bd9d596431,8593a7cd-cfde-4c39-b3f3-b564142c878d,newspaper
d34eccf3-74a6-4527-a1aa-e57a1a8ff91c,8593a7cd-cfde-4c39-b3f3-b564142c878d,never
c5013386-5302-4b1a-8ceb-245f4211af51,b93a4e0c-e4b6-46a2-abe1-02b6d55b52a8,point
0ffcb12b-b0c4-465a-b4b9-18863d414ac9,b93a4e0c-e4b6-46a2-abe1-02b6d55b52a8,perhaps
db870060-c15f-4e26-9923-f7246652cdbc,9a131e0a-4bc1-4517-94d6-28c4a3137695,kid
d294fa97-8411-440e-8596-ae553a8cf5b8,9a131e0a-4bc1-4517-94d6-28c4a3137695,too
2f9a5193-4aa4-4221-8b0b-c89922fec0fe,9a131e0a-4bc1-4517-94d6-28c4a3137695,material
2afd31c2-9fe9-49fa-855e-44d5d7d2f743,b443d905-2403-4d8b-942b-28a98f3b44fc,ground
43997909-fe7e-479b-b718-8999cac5ae51,b443d905-2403-4d8b-942b-28a98f3b44fc,country
8424a919-1a53-41e4-93a8-dce3d27af7c0,d3299b27-35c9-4df6-baa1-11792b8a1b34,information
279f3d7b-1b0d-4304-8f6c-46724b94fcc6,e7a0e0a9-c03e-42a2-9748-c94e4cb11203,final
47600d8e-4e48-4e94-99ee-11a3dddbf9d6,e7a0e0a9-c03e-42a2-9748-c94e4cb11203,to
801ad874-36ec-4063-aaca-6de0d811a717,e7a0e0a9-c03e-42a2-9748-c94e4cb11203,computer
6c122957-5b72-482a-a1d8-a4d1799986f7,c40c7738-f53f-4b69-90ff-98b936245bd9,this
1dc6c96c-3b29-4773-90a4-f4d47a1aa6b9,eddd506e-157a-4458-8257-5912412d28b9,hour
a1e8002f-ea6f-40f1-a57b-fca9c0dc7518,eddd506e-157a-4458-8257-5912412d28b9,despite
77d0f9f2-13dc-45b5-8437-0e7af410c245,ed0594bc-7021-4103-962a-7b3f575b50e0,father
6fff91cc-9710-4dd5-8bc0-b559025719b6,ed0594bc-7021-4103-962a-7b3f575b50e0,cup
701437f3-6764-46bf-84fd-c5219497cb4b,8c8860f3-ae65-4ba9-9504-58f2aa5bcc0c,field
32a92a53-e109-4fcc-9f44-8abe8544238b,0144f791-33e1-42a1-bcd1-288d9fda64c2,draw
7d4e7af7-b6ae-4e01-b301-c4380da1ef5d,0144f791-33e1-42a1-bcd1-288d9fda64c2,interesting
df7655b1-b7c1-444e-bbb0-2fbeb5e67ed2,d47d5d54-4fcd-44e7-b5b9-7578072a0e70,begin
cb9e4099-69bf-4934-bdbf-eb573c90216d,d47d5d54-4fcd-44e7-b5b9-7578072a0e70,either
844717c7-9ad7-4e43-9608-4983c5f9cbab,d47d5d54-4fcd-44e7-b5b9-7578072a0e70,hotel
953753ca-40af-4917-9a0e-067bda04450c,62655583-b521-4aef-b3d9-f2367cb6b93d,news
a7e038b0-49ef-47bc-8390-cfa4d2beac39,62655583-b521-4aef-b3d9-f2367cb6b93d,crime
c339bc9e-d48f-45da-b5f1-0f298bca9b24,62655583-b521-4aef-b3d9-f2367cb6b93d,meeting
61c6b798-d011-4271-84d1-83495104407d,50fa4892-0c25-4597-aa82-6edc156e90eb,here
a2c6912b-01d9-4466-8558-c76914fd4605,50fa4892-0c25-4597-aa82-6edc156e90eb,watch
fdab4e03-967f-459d-991a-c7c9c3d1e7ca,f59af9e9-030f-4ef1-b2de-5893d6303249,respond
1143809a-7b33-4eb0-94ab-d90b9a7e5fb2,f59af9e9-030f-4ef1-b2de-5893d6303249,impact
1115db2a-c71a-41f1-a616-43ee7ca35f4c,7e2a0219-829d-467a-91bb-cb8a19d08721,but
a7cb843e-dd90-4ac1-b91e-3c5bfb1deaae,7e2a0219-829d-467a-91bb-cb8a19d08721,appear
b39cde98-07a1-483a-bdc3-ca2dde809fa7,352ab656-38d7-422a-988e-31fa6352f45a,their
afe98aa0-5e00-48bb-92a3-65a2f9ce8f6e,352ab656-38d7-422a-988e-31fa6352f45a,itself
ee193d97-5611-4d99-aaa8-5b64869f57df,533c190f-09c2-4d1f-a779-d356fb9f1af0,act
5e02a548-7f28-4b10-a620-64e375517107,533c190f-09c2-4d1f-a779-d356fb9f1af0,fear
b3c94ac3-cf0f-4742-b13c-6fa3a3eef825,533c190f-09c2-4d1f-a779-d356fb9f1af0,study
68cad032-c7d3-468f-a8f2-c313df7645c9,d87de807-a447-4f65-896e-0c08fc708d54,central
b69ac7f4-62bf-4ad0-9926-3d23ddb3f7dd,d87de807-a447-4f65-896e-0c08fc708d54,sit
03b4fd58-4d7c-4b2e-97c9-4d241f02cd2a,d87de807-a447-4f65-896e-0c08fc708d54,first
a4f8cb72-e150-4735-826c-85f5abd25dba,2756cde3-327e-4f75-b505-77be78fb3534,writer
4f12f958-034b-4d4a-af7d-470d5eb595d7,2756cde3-327e-4f75-b505-77be78fb3534,listen
23daec8c-6381-4aa8-a9c3-992ae2f8daaa,7a7d0634-e950-4f6e-8992-fd1b558349b1,sing
d976754d-3622-4578-96b0-47d04694f0eb,0b787fab-348f-480d-9a53-41e8cb53bf67,give
fae3c7b2-7e0b-45d7-8d67-23027c7b6e46,778ffb67-80f0-41a7-b019-745428ae8aaf,they
a98bc43e-5089-451c-a01a-c22025760881,778ffb67-80f0-41a7-b019-745428ae8aaf,mouth
6d40fafb-4aa4-494a-b9e4-5c35d1c80bfa,778ffb67-80f0-41a7-b019-745428ae8aaf,response
df18f300-89b7-4d35-81b4-29b5f28f6ebd,e9e19057-3ba4-45c8-a3f2-044da3080643,discover
5eff4f87-3cdd-4c4f-8d54-d7564fb19969,95067d7c-92ba-4e67-b6de-f836603852fd,contain
8721b483-6d37-48f0-9806-2d9e4dea71df,95067d7c-92ba-4e67-b6de-f836603852fd,work
44db0456-2ada-4e5c-8e7c-6233f2b72519,63ad371b-a495-4ce3-a74d-1916e8e2474d,forward
07a23d63-0c16-4a3b-85d3-d846d20c6755,7b40dc3b-dca9-4949-9a11-3067d5a33b6d,goal
03518c54-e310-43f4-9bef-17f2f760f8f0,7b40dc3b-dca9-4949-9a11-3067d5a33b6d,site
f33f5b0c-12b9-44fd-b9b4-cae8d8ba3ac1,7b40dc3b-dca9-4949-9a11-3067d5a33b6d,because
8ded1ffb-904a-4b8b-b242-8e85fe6e456d,40bbaa37-a95e-4e1d-b4b3-2a9af79e5cad,court
d1b2ed35-57f0-4cda-a9de-c6102a9e64b7,40bbaa37-a95e-4e1d-b4b3-2a9af79e5cad,with
bc0e5248-5480-4204-b1cf-bce5d6ee0f51,0d34574f-5af7-4aa6-ac5e-8b6b518edcda,agreement
4529f2bd-0e91-4053-830d-41db96bccf6f,0d34574f-5af7-4aa6-ac5e-8b6b518edcda,away
5b4ed3f9-3c8e-493f-9c5f-56c23b4d07ce,4bf16f80-c835-454e-835c-68c1c48ae7dd,writer
4cbd55d6-7d93-4d04-a63e-d0c8e4d5170b,4bf16f80-c835-454e-835c-68c1c48ae7dd,major
26a3bedf-85cb-4d67-8f35-7be9625affd5,4bf16f80-c835-454e-835c-68c1c48ae7dd,can
1d558c27-cc49-4a6c-8f06-74fc90deb63f,13d41ca3-ec0d-49c3-94cf-eab90d6c6691,north
65691cdc-5770-4bf2-b546-37756ec232ef,dd1d9ffb-5e77-4f06-8066-34ed79a640fc,produce
5acb116a-6b46-40bc-82de-f3ccf9aee5a6,dd1d9ffb-5e77-4f06-8066-34ed79a640fc,theory
8c35b519-5bf9-4fef-bb2b-3df99eef70c1,dd1d9ffb-5e77-4f06-8066-34ed79a640fc,away
a10b4184-28fd-4284-8153-d4fc4ced997c,6208672c-a8b7-4250-b8d5-3137dd12b5ff,edge
f7117708-6849-41c3-a9bd-bcbfb74e2cc4,6208672c-a8b7-4250-b8d5-3137dd12b5ff,month
a28d7c2c-9b03-43ff-9ce9-0565f1eab422,6208672c-a8b7-4250-b8d5-3137dd12b5ff,exactly
6f0a67ac-1baf-4d5f-9274-ad3cf3433576,463513b1-3f68-49dc-87a9-18c428af94e9,do
5d2c6315-d1d5-45ee-b2c1-e72533b8a409,63983f46-ad7e-4fdc-9b28-fa848c766d3c,shake
c4e0c615-bcce-49fc-ab7b-53a59dadd37e,63983f46-ad7e-4fdc-9b28-fa848c766d3c,old
edb96f2d-f04d-463a-bb3a-a797cb70d248,7f794c96-143d-44cd-a790-b2c3e9aeddbb,page
6724171f-b483-4b16-bd5e-f0c20423f8d9,51a4e0e8-6c4f-4de7-bc59-cc7caab8a5f4,card
147c51d8-192d-4f98-abf2-6ddbe0235645,625ee75d-21f0-478a-9af9-e32ad7f4dba3,behavior
42523915-7510-4f30-83fa-ae23ae1d9e67,625ee75d-21f0-478a-9af9-e32ad7f4dba3,Mrs
2f512963-9c47-45e2-90dd-85e3f4740176,085d1194-48b1-4980-828e-6c1cc110f87b,boy
4c85d125-f90e-4b06-bdc7-35eacc9cc8bf,085d1194-48b1-4980-828e-6c1cc110f87b,approach
089775fe-f7c5-4d0c-b6df-3abbb12a3cb7,675759d8-f2da-4b0b-b5a4-0f8b074273be,speak
02121dea-70f6-4dce-a546-68424d8b68c6,675759d8-f2da-4b0b-b5a4-0f8b074273be,everybody
b626eb4b-e0a9-48f8-af2b-224a117395ad,675759d8-f2da-4b0b-b5a4-0f8b074273be,center
1046f7fd-ad3b-4a8e-9275-b5de1581cef8,bc5b8cf6-8b4e-425f-8b27-16bffbd0acd7,civil
f8419b9a-a267-4d88-9c3b-773d345714a9,2388be83-cce2-4d00-8fef-ec154be72086,land
a0b1a789-36ab-4a6b-bca2-531824837255,2388be83-cce2-4d00-8fef-ec154be72086,kid
5f4316fe-95d8-4836-9e70-96d67ffadc3d,e89750ce-fde3-4f91-a848-5c727817fe65,certain
b6d5039f-aa6a-48c0-96bb-8661f82c2a33,806925c0-6847-4c57-9da1-45bdea709316,few
1cc69792-824a-4e74-a2d2-cbd1c332d6e2,ddc95f5d-8195-4c61-ba30-eeeefba8a368,consider
1e29b27f-8a99-4c0e-a3a1-21c6d08c86a5,ddc95f5d-8195-4c61-ba30-eeeefba8a368,world
da51bcef-a2fc-42fb-8fbf-e41ab4c66942,3f10ee6c-65eb-40ad-98d3-6fd4aca0ed1f,project
a81eae30-ba36-46b2-b670-c691c339d4d7,3f10ee6c-65eb-40ad-98d3-6fd4aca0ed1f,various
924846fb-41c6-4fc7-97a1-646aee09f836,9cb3d29e-dc57-44e4-9745-9be2a821807c,money
07ea20fc-313d-4e44-8d1e-cdccd9425e17,3f06ddd4-d08e-4fbd-9ee0-91c0c0c12b14,your
7e621467-9a65-4047-bab7-bed18ce140ff,3f06ddd4-d08e-4fbd-9ee0-91c0c0c12b14,she
7a9a6051-770c-440e-9f9f-e71dbc18ca82,e1e0dd5f-41ad-4af4-b390-1844d83af6e3,attorney
6b229950-d793-4a66-9066-5e2bc31847e2,aedcd5db-4338-4c15-bae6-cd71b84bc65a,conference
625a1b12-f029-463f-a725-d0f08b860cb9,aedcd5db-4338-4c15-bae6-cd71b84bc65a,concern
c9a4e785-752a-44be-adce-bfcb4e72d71a,454eb3df-ce44-477c-ad5a-4ebb009497b0,site
25e6f97a-3e4d-4a3d-9bcc-8e9d3192a565,454eb3df-ce44-477c-ad5a-4ebb009497b0,ok
f72b18b5-b962-4f9a-990f-c31a594705de,454eb3df-ce44-477c-ad5a-4ebb009497b0,outside
c22d6351-b3a1-4696-81d8-ff1e29649f92,2e8933de-5b0f-47ec-9f3e-084dc5e8e644,perform
7feee8d4-5d4d-462b-9c31-0b55c3b9fe32,2e8933de-5b0f-47ec-9f3e-084dc5e8e644,black
4f5257a0-e805-4221-84f9-5ed4c1393194,e07cdee1-d28f-426a-94ac-1d075986bce2,degree
8120837d-a823-4764-8deb-d6794f828a90,8d281bd4-dfde-41b1-bc5c-af92284b0030,make
4b0b6131-87e5-464f-9ed5-f4f0ae403ab1,8d281bd4-dfde-41b1-bc5c-af92284b0030,mouth
fde2455d-5f09-4677-a5a9-e853691d418d,7a2513f2-506b-4b9b-abb4-1d780c673619,start
dcb8a43e-e514-4961-bc9f-efc4ca974b93,505c44f3-16c4-42c3-9eaa-dc6f5da4e2c6,artist
88dbcbba-68be-45e5-9e81-41f4e72ae2a0,505c44f3-16c4-42c3-9eaa-dc6f5da4e2c6,hour
f73adf91-4ed7-4358-9aa1-17a2d33891aa,a27cd34a-413a-4823-a94f-6b674db29bab,group
e4246608-fa9d-46ad-9739-1e940e89b370,fdb42c3d-9d04-48a1-bc3c-dfca07188877,third
04104a0c-a784-44d7-a44a-318fe89bea6d,07918cbd-5da4-4c56-8862-7e46cb1cc4b0,reality
bae73a9c-6057-4d5b-b251-fdfd0defd923,07918cbd-5da4-4c56-8862-7e46cb1cc4b0,result
e9a1efc3-efbe-4b37-a24b-30b9c8c30dcb,bbe4e688-0488-433f-80b4-2a694c610f75,region
60a104ba-183f-423e-89f3-7140f0f9278e,5d66a29f-8212-4732-a7c9-336456134b9b,common
0ad0c63e-3085-425e-9ffc-4f9a62d6dc2b,5d66a29f-8212-4732-a7c9-336456134b9b,compare
3789876e-42a5-4755-9dec-8d1d05d3ff3a,5d66a29f-8212-4732-a7c9-336456134b9b,also
7a7f70aa-e02b-4d48-b27a-7deb964a7655,12295f0a-18f7-40c1-b2e7-815fbd8b355a,soon
3a4b4704-f342-4c98-8258-f8753b779dcc,12295f0a-18f7-40c1-b2e7-815fbd8b355a,increase
037646c4-4570-436a-8953-38b7339c3f6f,12295f0a-18f7-40c1-b2e7-815fbd8b355a,network
d4f598ec-5357-4820-9db1-8e4ea03478f0,79b5ac60-28e8-49fd-b4a2-14ac97f261b8,take
c89476c1-b2e8-4d75-a424-3f664c728dd1,79b5ac60-28e8-49fd-b4a2-14ac97f261b8,culture
fe681bc5-121d-41d0-be6a-01f944aeef20,c93e1228-97cb-4ed0-8bea-9fcc1295cfb9,account
c19be51f-6846-41b1-a70a-c69907b2700f,24a8101d-35b2-4f2f-a6cc-8189873df965,perform
99871172-0106-4dfd-aed6-6664c7c1e6c8,d182c6fe-2d8c-4a21-8bbd-762ac92e3996,dark
779b2a4e-d3ae-4565-97cf-dd7d9edea700,3a94e66c-404f-410d-b647-46726c07981b,fight
ebe123c5-3eba-497c-978c-391116cac2fa,3a94e66c-404f-410d-b647-46726c07981b,carry
29c6d1ce-37cf-4681-bfe3-d1eaacf7e468,ffc80f89-673c-47f6-8311-14094efeaeb0,your
46acd0d7-ab86-443f-828a-e8ff314b9051,ffc80f89-673c-47f6-8311-14094efeaeb0,attention
3ef9249e-031b-4943-b851-b0f5f796f81a,af82d8f3-4f32-41ab-b650-ee03ad817835,focus
d5e340bc-c250-4a75-86a3-43908487e1e0,af82d8f3-4f32-41ab-b650-ee03ad817835,impact
920d6cce-691b-42e1-9eb8-6544f147a05e,af82d8f3-4f32-41ab-b650-ee03ad817835,there
ec84267b-63fc-4971-bd8f-8289974802f3,d6ce6ff8-7ee8-466c-af13-832677ab9a8c,consider
7fc6b415-20bc-41ec-90dd-c120ab8d32aa,2a588a82-23d5-48b4-bf37-db4aed3ffafd,western
99b37235-d05f-497d-aadb-6956d0c17cc0,2a588a82-23d5-48b4-bf37-db4aed3ffafd,product
161b74e1-24a6-4901-8b6e-2979b06f7dfd,2a588a82-23d5-48b4-bf37-db4aed3ffafd,commercial
2a7925a2-be33-436d-86c1-ffb012ab8b1c,2dcdc25f-325f-4941-91a2-deb6d50c83bf,group
db2996d9-728f-4741-9ce2-ad8c24fa59dc,2dcdc25f-325f-4941-91a2-deb6d50c83bf,cup
4fa8ca4c-abcc-474a-beb9-86b6481f6701,9f8709af-da65-46f9-8226-bd2a48c23182,fear
0db19f94-c140-435b-b0f0-f97e791b0c5e,9f8709af-da65-46f9-8226-bd2a48c23182,unit
01ee8aaf-49e1-4e00-a968-80d2b83780de,abf34486-eb9f-4fbc-a636-71388c3decf1,white
622c3dd9-c1b2-4286-b2aa-8ce30e327b48,abf34486-eb9f-4fbc-a636-71388c3decf1,new
fdc40065-2e8f-49de-bd5a-30b200e81f7a,abf34486-eb9f-4fbc-a636-71388c3decf1,note
01d9bde1-a8eb-4dfd-995a-a028695de52f,e03d6931-24da-4307-9249-e7d1db86534e,result
2f9674da-9737-476d-b382-66b0794482bd,58c422f0-7638-42a4-9863-1a8fcebb6df3,resource
342573a4-207a-45c0-8481-2c0506b0c979,632d3d1d-b625-4b5c-ace6-0d398ccfb07b,pressure
91908ac1-2291-4ecc-b644-86d079f03feb,2aa212e4-c711-457a-9baa-39b868f4982e,meeting
caf4e12d-31f1-4520-be52-f5d159e3ffc0,2aa212e4-c711-457a-9baa-39b868f4982e,two
8884c8be-df26-435b-baf7-4f1770daf5c6,67394c3d-d788-48c4-ad7b-3e164a273957,surface
2d497cbd-ba8c-4f77-aea6-5bec74e10e76,3c1a17fe-d618-4e6d-8c5c-39d83b4da9e9,majority
d1820e3b-7d64-4276-ac25-f8c18c92100c,61070ca1-e735-4fdd-8b16-0f632ef9b0af,recently
8924e49d-c37a-45db-a5f0-d6dc9dc5df51,61070ca1-e735-4fdd-8b16-0f632ef9b0af,thing
f675420d-203d-4bdf-b3c2-81b8f9dbf010,61070ca1-e735-4fdd-8b16-0f632ef9b0af,image
ae94796b-acce-4e26-84eb-ac8f9d8c18b7,88d5a334-b88c-4bdc-ac63-77c4dc4553a4,particular
3d151a15-2cd9-4ff4-bc64-ab7a639bdf26,88d5a334-b88c-4bdc-ac63-77c4dc4553a4,strong
bfe41516-7735-4ba9-9776-735f0efb7694,88d5a334-b88c-4bdc-ac63-77c4dc4553a4,do
d26d7fda-ffa5-4fe6-a05a-e5a8b2be9dbc,2a21c30c-43a2-4f01-9b58-de40f6ae7afb,enjoy
afbedc0e-9f05-4473-93e5-c2af3eeb3bf9,2a21c30c-43a2-4f01-9b58-de40f6ae7afb,simply
1c8a764c-cadd-4af5-bd87-a77488c79259,2a21c30c-43a2-4f01-9b58-de40f6ae7afb,make
0d59243a-f97a-4d67-b2ab-0ad4e1d8e7f2,42eb8d99-a141-4d67-ae95-5db88797590e,do
4382e7d1-7756-419e-b505-4ee3356db97b,42eb8d99-a141-4d67-ae95-5db88797590e,newspaper
9cdacb6e-1ab6-4abe-86aa-b8443a2695e5,42eb8d99-a141-4d67-ae95-5db88797590e,rule
a603317d-7d40-43ca-95a1-fdb672c93aa6,2e4b7088-5bd3-43c8-b1c6-cf9d33d1aa1c,term
7b479687-dee1-4618-8b6b-2bf5955a35df,2e4b7088-5bd3-43c8-b1c6-cf9d33d1aa1c,usually
38b61467-e716-4f3e-acb2-2b499756ed40,eb79c4e8-461a-46eb-8e78-bc77dd9f92ad,board
9143c407-58fa-42e9-adde-620f76559ced,2eee4373-1de1-4376-ae6f-a426dd69e471,after
bd2810fb-e88b-4323-9c7e-8b83da28981e,2eee4373-1de1-4376-ae6f-a426dd69e471,security
af52a923-5d54-448b-9939-61e500071379,c86302fd-0742-45d8-999b-549021920609,scientist
3fdc0c33-a0dc-462f-b0eb-f170e8e7a8de,54710732-618f-4afb-9a51-0527be2ae2d1,education
5f430652-79ed-428d-bc2b-ef7dba6c58e1,54710732-618f-4afb-9a51-0527be2ae2d1,star
21c9d511-30f1-4d57-8518-180b049f2676,5070de5c-50e0-4d6e-8527-9462971de040,table
a7d33efc-ef82-42fc-9cef-98721a6297b6,4c5f609c-f227-40f7-b1c5-07ac3d68bee4,media
1fbb11f3-41aa-44f5-bf67-3af81bea58e3,05134442-2b58-4a60-824e-7d3310cd16cf,bring
d462fb2a-ad10-4f96-a758-13a7452f5f7f,fc1d7d94-36c4-45d6-bbff-eb16515bd074,source
8ed9a0f2-f01d-43ad-a92a-a3cd0bf71bd1,fc1d7d94-36c4-45d6-bbff-eb16515bd074,safe
03230f6f-0670-4eff-853b-77dd24c397a6,4283d18b-38d5-4a39-a312-c88cf3aaea9e,participant
5a0417f0-5154-4765-b61b-d9c4b56d7302,4283d18b-38d5-4a39-a312-c88cf3aaea9e,brother
c6e3502f-017b-4496-be24-23d4337b1a73,4283d18b-38d5-4a39-a312-c88cf3aaea9e,magazine
77d384f3-f2ca-4678-8cde-dea74b87c2b0,d708e670-cbb8-41b1-8568-d3dcc7ed37d6,American
a79c3f8f-a0fa-4120-b8fa-cd661dc39ca4,d708e670-cbb8-41b1-8568-d3dcc7ed37d6,wonder
893a2e2c-da29-489a-bdf4-d0743aedcd2e,d708e670-cbb8-41b1-8568-d3dcc7ed37d6,message
f2a032f3-318f-4422-a6f8-6aea59e79d0c,89ff60f8-5830-45a2-9d1a-19b248873c31,else
65bd2f46-8af0-48b4-8a7c-1fd4c296b7d5,89ff60f8-5830-45a2-9d1a-19b248873c31,spend
2d2b5ede-8543-4136-9c7f-0247d6e1ac44,f6eee23b-9d9b-4fd8-9e3c-ba48a283e434,theory
e6dee872-4173-44c4-9518-3843cf694647,8dce91f4-d19f-489b-a9ae-ddb7f886534c,coach
c2451086-01d5-4d15-931a-c62cc96b90ac,71f386ca-ef2d-452f-8b76-311bf70f6d7e,wonder
616fab73-dfd1-4594-818e-31c2afb70009,71f386ca-ef2d-452f-8b76-311bf70f6d7e,huge
1f0ab46b-a033-4daa-89e3-4e6915d16e25,2cb3b24c-dccc-4774-9228-bfb2965c978b,music
667b1bc6-b236-4f24-bb49-476767a7f7c2,2cb3b24c-dccc-4774-9228-bfb2965c978b,oil
16f8094a-a517-4c0d-be3e-2171a83ab90e,2cb3b24c-dccc-4774-9228-bfb2965c978b,marriage
d7c79754-c669-4ea3-ab00-87cf6c1d6945,7e74b106-5ee0-4e0c-9e42-26cebc85d1bb,matter
d47694b5-3ecf-402e-beab-d382bbfb7043,7e74b106-5ee0-4e0c-9e42-26cebc85d1bb,which
e9622880-62ca-4b5e-b913-a896f7fee063,7e74b106-5ee0-4e0c-9e42-26cebc85d1bb,action
3bc5eef3-6f87-4030-b1b3-84cda478b246,fa09b0f4-7895-458c-9091-cb21be0c9ec8,reason
306d4648-e3c0-4f51-aad0-87477cefb536,68e31826-f03e-4672-89f8-85e210448352,conference
d965754b-6faa-4452-9633-375b75363dad,68e31826-f03e-4672-89f8-85e210448352,value
4bf1c418-d9b2-46c6-9b45-31b396bc2b05,68e31826-f03e-4672-89f8-85e210448352,significant
17d35752-7a3f-45dd-beba-81b2dfb841cf,b9a96f47-7670-459f-82b8-a5af8fac6435,condition
0f50d67c-e8a7-4511-9937-53030f6f4234,b9a96f47-7670-459f-82b8-a5af8fac6435,energy
c53c5766-30d0-4ecc-8bab-dfa0892ac908,b9a96f47-7670-459f-82b8-a5af8fac6435,despite
9ee54f37-8529-42a8-93c3-33896a0f4944,b588edd2-9a0a-4ab3-8940-42fae87e5d67,player
b726d946-5cff-4ebb-9dcc-cc4ea6211969,b588edd2-9a0a-4ab3-8940-42fae87e5d67,technology
3a5774f5-7ca5-498f-b998-a7cf6a01afec,b588edd2-9a0a-4ab3-8940-42fae87e5d67,power
39a64629-1806-48bf-93ca-2d17b122eec5,a855a26e-5c31-4f71-b517-1303a6cc441d,each
99c56a65-23c3-46f9-bca9-cf617219f536,529390b4-6dab-40ad-bcc3-b5d8e78bd470,ready
e0034635-8435-43df-a60a-c1eb31c09554,529390b4-6dab-40ad-bcc3-b5d8e78bd470,medical
72fa5605-d23d-44c1-9a09-792edffdc085,529390b4-6dab-40ad-bcc3-b5d8e78bd470,thought
45e21d14-970b-48b5-848b-af57dd41803d,4178e50d-90aa-4515-b114-b1994d1779e6,hot
4f919001-a7cc-4e14-bd14-6e5c556bbdf8,a92e5066-3e98-4989-83a9-a10c6e32db2a,next
cc3ae585-3ad2-4394-876f-8a1e460e2647,a92e5066-3e98-4989-83a9-a10c6e32db2a,project
9896df99-7e0d-470a-8408-6eda5a9252b0,890fb498-f385-400f-b148-7b345de6c09d,seven
69ac6a22-ecab-4dbe-a238-24f66ebc251c,890fb498-f385-400f-b148-7b345de6c09d,or
5155ebe1-2c68-4d1c-bf40-c3c1ddcf34f9,f5acb6a2-ee70-4628-bec1-a0395bd0ef63,any
2ad41011-938b-408f-9fcd-ee51798d6c7d,8a7f3908-1e6d-44d0-b3c6-08122d8f7939,writer
013f7c21-efd2-4a35-b624-7dcb7b76aa88,8a7f3908-1e6d-44d0-b3c6-08122d8f7939,relate
60bf9e7e-295f-4c2f-9d9c-4c9e15dc15e5,8a7f3908-1e6d-44d0-b3c6-08122d8f7939,air
ed0507c9-6250-44eb-a3ae-7883be740fc6,770f3af5-6058-4bc7-8635-2959cfe4760b,strategy
14cf039e-16b9-44fa-8601-f155d73e7462,770f3af5-6058-4bc7-8635-2959cfe4760b,seat
09ec2369-9bec-498d-bace-025e6817869b,c378d1b4-4c35-4308-8608-d25e931d8e7c,people
69896325-2df1-4380-b230-44d4c508302a,192733da-2cbc-465f-9713-bdddbc151ea5,red
af0744fe-7c7e-40ad-bee2-505e89188b94,192733da-2cbc-465f-9713-bdddbc151ea5,hit
2b5053af-947a-4521-86c0-f2429d007b58,192733da-2cbc-465f-9713-bdddbc151ea5,check
c484c4ed-180e-4bce-b73f-cfb8790643e6,acb5831e-f329-431f-9968-d23dfb6efd19,grow
bd327537-ca86-4ec3-abd1-78ffe19136a3,acb5831e-f329-431f-9968-d23dfb6efd19,able
f633c1ad-ee41-4105-9a5e-d2274225b3a1,f3a45c8d-1dab-4006-8508-2345cd273636,glass
d1e91d63-914b-4cd7-a482-8dfcafccedc7,e72563ff-bdf6-495a-ae80-53901f721f9e,occur
a617a4c9-9d9d-446c-8cfa-158b20910232,e72563ff-bdf6-495a-ae80-53901f721f9e,such
6419450b-1480-470c-a7de-4b225b53b6af,e72563ff-bdf6-495a-ae80-53901f721f9e,minute
2c591e5b-1a09-47f8-bf11-a3c3d57e6fc6,f53bf04f-b094-471f-987b-dcefff9ccf88,tough
908f5bb0-462a-45aa-a3af-0c17eddc59b4,f53bf04f-b094-471f-987b-dcefff9ccf88,citizen
8ab42d1b-2e8d-4204-8fa8-f2e64c4c53e9,f53bf04f-b094-471f-987b-dcefff9ccf88,current
b6bedf94-a229-43a7-ad9b-8f5e291fb4e7,b3167d00-62ac-4648-89a2-32919c0a6621,radio
3b59b766-aa12-4f1d-8c10-906c9f7bd4f8,cc0246c2-e185-4c27-b273-7cd59c5ab444,professor
ed7329c6-c3b5-4a4d-a721-f0ce729c8f59,cc0246c2-e185-4c27-b273-7cd59c5ab444,security
bb829ae1-7b2f-4125-bbd2-7ca296e8668e,cc0246c2-e185-4c27-b273-7cd59c5ab444,treatment
46a36d74-32b2-4b3d-a1f1-66a05b4a04ba,43324e21-ed12-4d4c-9725-cfa6f9c94335,federal
887be550-f179-42ff-b0d3-1835d89c34dd,43324e21-ed12-4d4c-9725-cfa6f9c94335,return
e8408366-03ad-4f22-aae2-b80178e2aef5,f7094414-0b2d-47e5-856e-81742e188bba,teacher
9bba6326-5f41-4a12-a373-8c40deeb7d71,e205d7b3-bece-4a17-b4fc-5038a51fce49,worker
c4a65f4d-b12c-420c-b158-2ac0604d1085,e205d7b3-bece-4a17-b4fc-5038a51fce49,anything
eaf54825-9ff7-443d-915c-4454d4ba927a,e205d7b3-bece-4a17-b4fc-5038a51fce49,source
e4ccd39e-f7bf-4606-9bf9-dab582deb940,6d9ac7e1-eac7-4047-95cc-d110cfd6a45d,expert
a6e5b753-ba74-4662-900e-f961dab8916b,6d9ac7e1-eac7-4047-95cc-d110cfd6a45d,success
a48f0753-3c07-451b-a1b9-db4bd0cdd042,6d9ac7e1-eac7-4047-95cc-d110cfd6a45d,pay
50d5d9ec-8779-42c9-86db-95cf9d84bfe4,64589e9a-9d43-4d4d-912d-1a8d1ba60479,fund
f29692ce-d538-4451-9651-ffcda1e1b771,64589e9a-9d43-4d4d-912d-1a8d1ba60479,beyond
df5bc2c5-8186-4151-856a-975bb2148858,64589e9a-9d43-4d4d-912d-1a8d1ba60479,in
e83a08cf-c38e-445d-acf6-610632ffa49a,2d8ccc54-6e80-4089-8316-19677a8aaf69,few
bdf84876-1921-4edc-8300-5c8530a2f516,2d8ccc54-6e80-4089-8316-19677a8aaf69,citizen
7d59fdd0-7bc8-4cb1-b945-a814971c6f0e,2d8ccc54-6e80-4089-8316-19677a8aaf69,into
64a2f58a-0265-46df-b109-9c136510c7d1,6f0ed9c3-9f3f-4089-9eb5-6882d669ecc2,compare
0c163b2d-7de7-4d56-8a68-d253c49fc5bd,6f0ed9c3-9f3f-4089-9eb5-6882d669ecc2,responsibility
38b8652d-f07e-403f-85ba-0b19e39d1135,6f0ed9c3-9f3f-4089-9eb5-6882d669ecc2,possible
99fdca7a-1155-49c6-9b3f-76e8ea24587d,55cb1d41-0abd-4a26-acd9-3928437b5a1c,place
ab22a8a4-fa84-4b82-9205-ee3fd57b0990,f1a06ceb-dae3-4e0f-86b9-e77ae26633eb,personal
b170e071-3286-47f2-87a3-b2f46d0324b4,f1a06ceb-dae3-4e0f-86b9-e77ae26633eb,provide
da848424-9c14-402d-98af-2381117cb6bd,f495bc87-5bcc-472a-bec7-4ed702e949d4,science
b055c90b-ebaa-4b5b-964f-1ca842166c09,f495bc87-5bcc-472a-bec7-4ed702e949d4,though
91501fce-f0cf-414f-b825-ae6678e5e6ed,116a7fbd-d5a5-4427-be6e-5864a23550be,few
e5c26ff9-686c-4e65-beef-e5b7931fc960,b0ef421e-3e01-4182-8ff0-9ba2fb455b89,back
70d3dbbf-cb55-424c-bd2c-60afe50b3899,b0ef421e-3e01-4182-8ff0-9ba2fb455b89,raise
ebc6b150-e3c9-4a0b-8696-f423e5de7246,b0ef421e-3e01-4182-8ff0-9ba2fb455b89,term
fda6089b-f4ed-4c5f-a608-d71375e7f0a2,201f4c38-a415-412f-bad7-47b09cad0c44,former
ed3b4f6b-1a04-4c73-84c7-dc4a61cef327,201f4c38-a415-412f-bad7-47b09cad0c44,land
12793401-bedb-4a1c-aeb8-1261d09e0149,b02fc835-9b28-4230-82c0-fcbf762b2214,mention
fec8c575-a426-4539-802d-a973ba451bbe,b02fc835-9b28-4230-82c0-fcbf762b2214,civil
0ba2551b-35e4-4b2a-9c9c-5e5b7505578c,5a87687b-a987-4280-8edb-846a27a2e4a6,remain
4fe2ede0-6c54-4026-87dd-31a357354713,5a87687b-a987-4280-8edb-846a27a2e4a6,young
86434b47-893a-4b23-af93-fb9356d650aa,b254f425-ccb4-4d04-a1b2-2f60ef123093,on
ffa39af8-706e-477b-8698-5cc95ea41662,b254f425-ccb4-4d04-a1b2-2f60ef123093,long
89846778-ace9-4580-adcb-66fbf0e73be7,b254f425-ccb4-4d04-a1b2-2f60ef123093,notice
7c549733-2f2e-4489-92d3-10076ad91f0b,b78a1630-eb64-487e-a52e-e2e54f36ada6,value
e2dc7157-f1c8-4c9c-89c1-9a514a347f6a,1d66fbd7-e3ab-434b-8862-c7184b996c3c,consider
81ea9d70-00fa-400e-a084-625845c35a5e,1d66fbd7-e3ab-434b-8862-c7184b996c3c,level
2bf713ef-df93-40f0-b5b6-b3aebd4cec8a,379c3b5f-3a5a-413f-8f67-444382d9dab4,may
65db11c1-d162-4a8a-9cd3-809689c99f81,79b936fd-d07a-4bfa-9b70-17c658d393bd,air
2f5894be-edc2-4eb1-81a2-80df060a86ef,79b936fd-d07a-4bfa-9b70-17c658d393bd,section
57eea49a-b113-421e-b2c6-3ddf12e535c7,dd29e95d-bed4-4413-9b9a-a4b51b4f2671,hit
275aa82e-33ee-47ad-b5a4-39f1af25abfa,5554ac48-69c6-44e7-a4c7-2923d9706e0c,major
2ca2875b-ea54-4ea8-9d11-2244e4e0f0fa,5554ac48-69c6-44e7-a4c7-2923d9706e0c,feel
e10dd7a8-5e8f-46df-9790-efb7f8d5b476,5554ac48-69c6-44e7-a4c7-2923d9706e0c,modern
593d3739-1192-4d56-8f35-4cc7969ae658,be389ab3-e809-48d1-a93b-c0107f33761e,crime
d43cd4d5-987a-45db-ac5b-0aa65da1b057,be389ab3-e809-48d1-a93b-c0107f33761e,treatment
62aafb9a-3f7f-48b6-97b9-03b48b3fcd00,be389ab3-e809-48d1-a93b-c0107f33761e,hot
19687c75-8ea2-40e8-97dd-11b346817783,aac412fc-c8da-4f34-9810-103d0fd02f8d,represent
964ede64-aa6b-4b9c-804a-1ff6b47ebbe3,aac412fc-c8da-4f34-9810-103d0fd02f8d,clear
be593ecf-078c-472c-a77b-18cf11ddf3e3,aac412fc-c8da-4f34-9810-103d0fd02f8d,again
7ac09d29-ed5c-46d3-a5b5-3d9ecfeb65fc,82186641-4529-4f9b-9f06-fe9bcd679364,deal
86b3172e-61da-4cbf-93f0-0d95eacbd129,44ad2d6b-e2f9-491e-95a1-9f4061f3b299,free
2e05779d-fcf5-44c4-8826-35be9a547353,44ad2d6b-e2f9-491e-95a1-9f4061f3b299,firm
ac9329dc-df78-4af6-b681-2feff0c314dd,44ad2d6b-e2f9-491e-95a1-9f4061f3b299,here
f38edacf-1c87-4dbb-9e7f-55e2b1514d86,7e85d972-e41d-41e5-802d-a33deecd2043,wish
89d42387-357e-4d3f-9648-5659a1a78a13,7e85d972-e41d-41e5-802d-a33deecd2043,argue
5a6f5f46-fbbf-4db9-97f7-b20846190efb,7e85d972-e41d-41e5-802d-a33deecd2043,good
fd72270a-0e24-4fcf-8f4f-cb078dea777e,0273c0b2-3aac-414a-aa31-bfc7c32da0ce,open
5c870fb2-48f2-4b29-a3df-95cc97cf8061,0273c0b2-3aac-414a-aa31-bfc7c32da0ce,article
d9d7ce17-8d9f-44de-a9d4-3879ef50a4d7,86259d96-5475-40b9-bf7d-94e5ceb43dcb,college
52d9c83c-9957-45f7-9c08-b896244f652a,7d9368e2-f854-43a2-8420-2179ff56848a,help
5a000024-7a7a-4d28-a3bb-d0e422c1711e,16bf5f14-f170-44e6-8f01-348e82f6c7d9,likely
772fbcc9-1a0f-44ff-8c6f-c8f9abfabf81,16bf5f14-f170-44e6-8f01-348e82f6c7d9,party
190e1def-b47e-4f6d-a37e-ef0c0e101c32,03f6d9f2-f387-4883-b457-95c915a51108,choose
d9d27414-45f5-4bf6-bfd5-d48563f9d216,03f6d9f2-f387-4883-b457-95c915a51108,technology
bb120157-395e-4e25-9571-42db1fd8684e,03f6d9f2-f387-4883-b457-95c915a51108,become
18ae8c52-1e1c-4748-ae94-5b36cf2d00e7,f68d0451-d04a-486f-ba9f-131ec54b97a9,positive
4131e5e9-a483-42e6-ba4b-f449e411e74e,f68d0451-d04a-486f-ba9f-131ec54b97a9,measure
077162a0-46dc-4ae4-bb30-8b5e14916a6e,b9dd6b30-0f59-4bd1-976c-21693e6ab23a,trade
ee5e0eac-6488-4663-bfca-ac82eb6a9949,b9dd6b30-0f59-4bd1-976c-21693e6ab23a,top
243f8cd7-c460-4372-89f9-0651e62fb102,b9dd6b30-0f59-4bd1-976c-21693e6ab23a,both
a56b2338-25a7-48e0-9433-af5c2e2d0ed5,2615b575-ce71-4ea5-acb7-8eac53f4df4e,usually
653bb3e5-79c9-431c-b3c4-44875cd451ca,856ae1d2-a5cf-4d25-8fb1-a19ec896c199,great
c6bd9405-681c-4caa-8418-305c485576bf,856ae1d2-a5cf-4d25-8fb1-a19ec896c199,treatment
710490ed-6821-4af4-92cb-96d5f2f19fde,856ae1d2-a5cf-4d25-8fb1-a19ec896c199,meeting
f7a7899d-608b-41d7-a2a7-bb59d516a2f1,2b3cda43-1b3e-4119-ade1-4319db82713a,responsibility
b24a06a2-e2d1-4add-af20-a4cbacd111cc,2b3cda43-1b3e-4119-ade1-4319db82713a,question
c0ac19eb-f47f-4ef7-b225-f8e5091f2e1b,49d8b4c6-5087-4130-8e73-320b91da2358,late
580f72d3-9cf5-494f-beba-377e06f19ce2,49d8b4c6-5087-4130-8e73-320b91da2358,feeling
c8fd04b5-b58a-49d0-bbf3-f15da3894833,49d8b4c6-5087-4130-8e73-320b91da2358,street
12352007-1980-46be-b4ad-e37896bbe928,6f6a496a-10f6-4cb7-9926-5390b8babcaa,message
40f1543d-1fe7-4302-85fa-686617a57c49,6f6a496a-10f6-4cb7-9926-5390b8babcaa,because
76db0c32-7607-4841-b0ff-41573c1b607e,b4ddced5-3168-4c28-b4ae-f5b721849104,charge
089946a3-8c18-428b-bdcc-4288b4ffb4fe,b4ddced5-3168-4c28-b4ae-f5b721849104,mind
cc5273cb-71ba-4987-ba19-1369537b1ebd,b4ddced5-3168-4c28-b4ae-f5b721849104,speak
aa38e3c3-4fae-4904-b554-c01926149b91,70dd7373-14ed-4570-ba9a-4ba2280d73f2,late
f29c880f-fc02-4e55-b146-b477d79da8be,93bc9a95-6d44-4a73-8354-11ba27a5d45b,language
4d3895f8-7ee8-4847-a3f4-e3f59129f539,f4e209b0-2ace-48c2-bdef-54e864b6db52,easy
ce9099f1-4163-4db7-917b-eda2b53686a4,c6f35dc3-bc00-491d-994f-c76ef1360a85,others
1937f19f-6375-4189-81a1-f2ee3af9c38a,c6f35dc3-bc00-491d-994f-c76ef1360a85,station
85903546-3b85-4250-a1bc-3fcf20d1534f,c6f35dc3-bc00-491d-994f-c76ef1360a85,site
e6a44d87-249c-4873-b2e2-508675edd401,f05c916c-a7ba-43b4-ac39-4727b5d44cd3,through
c84ca4a1-3453-4d6b-b490-081441d522e2,f05c916c-a7ba-43b4-ac39-4727b5d44cd3,case
99b22010-873c-4431-90ce-8e192f0ae296,824668b2-267b-48ec-91cc-84fc81c6c51b,by
adad3132-a501-4ecc-be4d-9d5cc66e2516,05e0c8e3-f5ca-4516-ac11-a1e38df8eda0,religious
040ab9d2-a826-478a-a9e8-9ba81b6d9320,05e0c8e3-f5ca-4516-ac11-a1e38df8eda0,per
672cff95-890f-4806-b2b3-3d19fee2f7cd,931775d0-4999-4887-827e-dcbbfa352280,concern
70e2b684-569e-40f5-801d-88ec4f53686e,50bb1754-b3c8-4571-9ed9-f01af50bb391,response
619ec51a-af0c-43ed-98f1-7942ea4c1b6f,38de3f84-2998-430f-b505-b8eae20da025,figure
5383cb53-f5b9-4e08-8592-16895121c85d,29eb0120-ca0b-4e7c-839b-a267c0ba7b12,toward
603cda80-fb93-4fd1-8651-7e0720bbce18,87a91932-58fc-4a02-ae14-096cc5526a27,nation
91ef81f7-d483-40f4-a2b5-4da596d5f00b,87a91932-58fc-4a02-ae14-096cc5526a27,performance
ed25c825-e2f7-4e2d-9222-de3a34fe2a11,5549aec4-92d4-4da1-b6a5-2e61d0dcd9bd,likely
db658380-938e-4687-a6a6-2191efc7fda7,5549aec4-92d4-4da1-b6a5-2e61d0dcd9bd,he
925b8440-7a8b-441e-aef1-88f054c9800a,df1a801b-72f5-436f-82b0-17ca4658a8f7,give
670be521-e3b7-4508-9987-5496061f0989,df1a801b-72f5-436f-82b0-17ca4658a8f7,option
3a01e761-0785-4455-89f7-1028d68fda1d,df1a801b-72f5-436f-82b0-17ca4658a8f7,within
51c8072a-4eb3-45e8-8916-4c93a00ab8a2,a85d836d-c20d-4d52-9bf7-8def849940ed,use
ce326bca-a624-4c88-9da2-0e1447238c91,a85d836d-c20d-4d52-9bf7-8def849940ed,place
c4a40bdc-b4ea-4bc9-bf8a-e56f62d779a5,30fc7136-4a6b-4bdf-a09f-bac1e3fdef5e,he
522f7ba7-dbe5-40db-bd46-b8dc837b093e,30fc7136-4a6b-4bdf-a09f-bac1e3fdef5e,member
6e67ddb9-f061-4952-b9a2-bbf9b86ebf10,30fc7136-4a6b-4bdf-a09f-bac1e3fdef5e,yard
309e7b0b-20bc-4106-aa42-ec47f65e288e,db8177fd-afa7-475e-92d7-0c6cddb2f5e5,every
746188e1-24d3-4d21-b471-a8982454873c,db8177fd-afa7-475e-92d7-0c6cddb2f5e5,indicate
aa388086-4fbd-4748-97a2-02a51b915ab4,aecf1997-351c-4802-9c4c-71aa3dd3e78d,even
4774307a-1c46-4b3b-bc5c-59283dd2f5ca,aecf1997-351c-4802-9c4c-71aa3dd3e78d,interesting
ab5b843c-9082-4ff2-99b1-f46632c03868,a89ca324-e495-427a-8187-52e037c3f21d,safe
98170c3a-0cee-4283-88a5-8c4316c1b41f,b9668bd1-87e0-49c5-a128-0d8a3ddb5ea2,major
c898f21d-d689-4583-a738-392057861411,b9668bd1-87e0-49c5-a128-0d8a3ddb5ea2,soldier
824101f1-97e1-4854-8cbf-c902097d400b,b9668bd1-87e0-49c5-a128-0d8a3ddb5ea2,such
de492cef-7af7-413f-890c-585146e03fdf,baf7b25b-3cb1-4a3d-ae8d-4045b8f9b865,this
d5bc9431-4104-45a0-b568-cd7e646be79f,3beb1149-5a3e-4983-b6d2-dc2270d9f89c,offer
d5ff7bd1-0be1-4600-b8dc-401b81bae486,3beb1149-5a3e-4983-b6d2-dc2270d9f89c,course
9f484239-50be-48b0-96d0-9d31c79e30d6,921ca775-fbcc-4129-b807-1c301ea47ab9,send
941f9420-51ff-43e5-a5df-11989206f1f5,921ca775-fbcc-4129-b807-1c301ea47ab9,fire
586ac9eb-5f7d-41e2-a074-d085dc758f19,66e5f16b-bf30-4a5b-9599-f1ad4c053072,which
eda7e224-758c-4878-a41c-78de9d55585f,73194197-611e-49e3-ba5a-07da7fa5df71,throughout
99a64bfb-9cdd-420a-a1fe-66bbd1b34a2f,73194197-611e-49e3-ba5a-07da7fa5df71,just
4cfc2e05-2e72-4169-a691-66fdef0a7d18,73194197-611e-49e3-ba5a-07da7fa5df71,too
a5286551-65d0-4906-915b-f7c16acdc0a2,9312d88a-074b-4a10-986c-264630e236af,community
1ee9208b-29f0-48d8-8d6b-d8de0d72f560,9312d88a-074b-4a10-986c-264630e236af,firm
e90d8ace-a45f-42cf-bd5b-3c5b44e13ecd,d3f76762-70b3-454b-93bc-37833afde875,front
7535e8bb-b1e7-4caa-890b-dcea6f98a560,d3f76762-70b3-454b-93bc-37833afde875,prevent
f1cbbe3c-abda-49d6-b82d-8a40347f38bf,375b3595-77f4-41d1-86c1-55458a3eaddc,site
c10e23c7-37d6-46e2-a11c-d3e1bd5c00f5,2385ef05-c9b6-4b7e-86d0-380a08c20c85,future
b4a739a5-db8e-4ea3-aacf-9bdef176de6c,2385ef05-c9b6-4b7e-86d0-380a08c20c85,statement
a52e9e95-c079-4189-8546-6c8e7c7e3407,97ad1794-a013-41c1-b8d6-923e37318705,author
46f758ce-49c8-4cdc-9054-1ecf87fa2248,97ad1794-a013-41c1-b8d6-923e37318705,clear
9fca6f18-b6fa-4c8b-b22a-c82970c47ecc,b6e021b7-4a9b-40f0-9d77-a506be7b4eb0,research
250da914-1336-4e52-861f-f34a58d8c2e9,b6e021b7-4a9b-40f0-9d77-a506be7b4eb0,from
8651d1b4-3d63-40f5-9064-3b914b2c7110,d36088cf-41e4-419e-8a41-d45a5b97df22,think
a34255a9-7543-4db3-8045-d302533fb6bc,d36088cf-41e4-419e-8a41-d45a5b97df22,doctor
202cc40a-3b0c-458e-89c0-73ebe4192bf2,d36088cf-41e4-419e-8a41-d45a5b97df22,fill
c66eaaf8-4b3e-40f4-aa6b-9c2d6ab22dd0,b8fcfa4e-fbe7-418b-8278-5f96c2c8f024,away
ff7c8a27-0561-42c8-83a5-cbd1c95247ff,b8fcfa4e-fbe7-418b-8278-5f96c2c8f024,war
1882cf1d-fff7-4728-9bdf-6abc9c18e491,09bef97b-75b9-4681-a554-8d40a3c4aebe,almost
1860bf05-5b43-477e-a43f-18b3797b951b,09bef97b-75b9-4681-a554-8d40a3c4aebe,ago
5caafa7b-c7e9-4a1e-95d9-15aad72bbe3d,838a11c2-c832-4fe8-8902-4433c4d7911f,boy
b47e7c6e-8b09-4863-80ef-cfcff4e14575,838a11c2-c832-4fe8-8902-4433c4d7911f,kid
e99650f3-8203-40fc-a6bc-bb509d41162c,6025f35e-a899-469a-8738-03be1da232f0,spend
122566e8-a98d-45b7-be4e-7eae4f04072d,6993878b-c1d9-4953-9bd0-e3ff596e7aa8,deal
1af0a19a-9b7a-4c68-ac6f-1cf9713966dd,6993878b-c1d9-4953-9bd0-e3ff596e7aa8,he
a7f3e654-5cee-450c-b23d-da8823212abd,c69061df-d8ed-44fb-b55b-a7a062ddc804,successful
33267e42-535a-4536-8c36-5b0fb28f52e6,c69061df-d8ed-44fb-b55b-a7a062ddc804,trip
4baacd63-cd0a-4ef8-b498-f8c490c5a5b0,c69061df-d8ed-44fb-b55b-a7a062ddc804,worry
e0f040e5-c51d-4e4e-b794-64ca29902d42,bbc89240-4e87-4988-bbd4-4a8ba49da74f,media
6226842a-8f18-40e8-ae64-f7032cdf182e,bbc89240-4e87-4988-bbd4-4a8ba49da74f,theory
3b4ecb2a-6e27-4be5-8e4d-fff62ce5f195,03fb2874-ca7b-4537-ad7c-5015d72d15b9,successful
fa0f7039-dedc-42fe-98db-1631554d0abe,03fb2874-ca7b-4537-ad7c-5015d72d15b9,mention
d8328962-569e-4e65-81c0-5d621c0a4ab6,7ee4c77a-187e-4409-ab1e-c6d49e35815d,including
def53b3d-aa46-4ca1-bf19-5a9c145a14e6,7ee4c77a-187e-4409-ab1e-c6d49e35815d,yet
4745311b-1078-46e0-9394-2ef01d047c7a,7ee4c77a-187e-4409-ab1e-c6d49e35815d,maybe
19def970-2d92-4f0f-a683-0872b9bb06e9,f069d3a3-6558-47de-bc13-d7beb8c0e39b,side
7e57db5c-5a40-40ba-8112-b443a12e0d98,f069d3a3-6558-47de-bc13-d7beb8c0e39b,talk
a61c6bbe-7a99-4bc4-a0a8-7ae6403ca873,ff2e2c5c-d7e8-4931-a7e3-ee8b418be321,foot
826fb7e1-cae3-4ebd-a72a-595377d34f0e,ee874e7e-bfb0-4d30-a136-85de82a66e60,hope
791ebdd5-5114-4144-9524-20c8d3e55f88,ee874e7e-bfb0-4d30-a136-85de82a66e60,increase
95583083-47c9-428f-b063-41ecfc3e7cdf,ee874e7e-bfb0-4d30-a136-85de82a66e60,prevent
35fcf07b-409f-418b-8bc2-27dd89b4ad53,c9d04145-f443-48a1-a9cb-21833384166b,professional
1f6b74b6-9ae5-4910-94a3-54f2f092fb31,c9d04145-f443-48a1-a9cb-21833384166b,forward
85cd390a-b925-4f28-aac8-ecdfd7dfa059,86ec5fa0-0af7-4db9-b833-b1853a4257b0,fight
72956e2b-aaba-4f56-8e1a-a4989fd4f936,2f26e86d-de6d-499b-836b-52fb6eccf7d0,certain
eb0e373d-a42b-4b18-9d88-b14a817b7db2,2f26e86d-de6d-499b-836b-52fb6eccf7d0,only
b3793dc2-a37b-4476-832c-8dba2e81bdbb,6d0485f0-1e44-43af-bc76-6cbdf8b19ba4,expect
1a814249-6e07-4c00-a797-7034660e65e4,6d0485f0-1e44-43af-bc76-6cbdf8b19ba4,article
7e17c534-d917-47ab-bef4-e93324532239,6d0485f0-1e44-43af-bc76-6cbdf8b19ba4,team
c285f09d-e11e-4b6f-ab04-01305cafc93d,6d89cfd4-a640-4a69-8d9f-ab939287123d,national
33803166-91cd-4dad-b18e-b172041e0a7e,67419009-91ec-4d21-993a-e8ac3897b337,surface
98b400f2-bd9f-4ca9-addc-4e90dae0467d,67419009-91ec-4d21-993a-e8ac3897b337,by
f0f5317b-0197-49a7-99a1-8f6a751d42a6,67419009-91ec-4d21-993a-e8ac3897b337,animal
b2a8fb9f-7fc9-48c9-bb0d-c754c0aa32e2,0b9a7d90-4e55-4ec4-8c73-dcd0a9f45076,public
a115e61c-957c-41fd-b363-046deb5914ff,0b9a7d90-4e55-4ec4-8c73-dcd0a9f45076,fight
1cbf9a4e-39c5-4707-8901-32f69360eaf3,c20b110e-8357-49b5-9168-7534a0a4607c,buy
f3a34166-9477-4ba1-b8fc-19c06f2d335d,c20b110e-8357-49b5-9168-7534a0a4607c,establish
ccf40cbd-c414-49a8-b691-8ded47f1f2b9,65e027c8-d66b-4fde-b3e4-fd655792c852,bank
43ac3a78-fac5-4623-aa51-fdcb000b9db3,03a7eb9c-01af-49d7-b3bf-eef3cd844178,air
47aad3c9-d7be-42f6-8134-b2f52187260d,66df82dc-cd11-485d-b090-17cc9988082f,police
3dced09e-bff0-4a45-ac6d-c86b1b11a6c0,66df82dc-cd11-485d-b090-17cc9988082f,likely
31bc6d12-6c30-4f25-846b-6db4789ae34f,9a9f2845-689f-4c40-b2d6-ec1cf31db387,outside
aa2c16a4-214a-4123-88f6-013b296cc714,9a9f2845-689f-4c40-b2d6-ec1cf31db387,her
2b83e9cb-1779-454e-ad12-b97d439fd7e2,9a9f2845-689f-4c40-b2d6-ec1cf31db387,magazine
2becc707-ef33-49d1-9fc6-2433d6203697,c2919463-5e24-48f0-bb8b-056473a75b4a,animal
96bc3213-837c-457f-a407-a2a5ea68caf7,c2919463-5e24-48f0-bb8b-056473a75b4a,during
7d765f75-87d3-4352-9103-5fac2eb4caa6,445c7999-deee-4c1d-b46b-12874ef4e52e,red
4a0c96c5-4be5-48eb-b12b-b85759ef53ab,445c7999-deee-4c1d-b46b-12874ef4e52e,during
66ea6c8d-1a8a-4bf4-9238-bae1b2c6a67a,c262b6e3-565e-43fa-9ddc-88149f6129c7,short
fb89360f-6ec7-4681-9032-7a97562da8bc,c262b6e3-565e-43fa-9ddc-88149f6129c7,wide
e33ca529-aa59-4509-ad72-b19883ba9a91,6ebe1464-8a36-40f0-bef6-d23befd9bb1a,like
e26262a2-c073-4664-a902-43116fbfa07e,6ebe1464-8a36-40f0-bef6-d23befd9bb1a,away
a9d6677b-fdca-498f-bbe8-74015e51a643,6ebe1464-8a36-40f0-bef6-d23befd9bb1a,pull
6cb7bb76-7057-4538-8436-cd32880b2d4a,186cbd81-fce3-4eb7-a6d8-1ce6a9311388,program
2f35b371-f21a-439c-87f3-3aba557b52eb,186cbd81-fce3-4eb7-a6d8-1ce6a9311388,suddenly
97485bee-d489-4ede-a626-727cf91560c1,186cbd81-fce3-4eb7-a6d8-1ce6a9311388,place
75210f8d-77d1-4555-9375-e8d984040f44,198213e3-c1fd-443f-b05e-51e86c441564,pretty
f6e6543b-6458-4ff0-ba69-03a2df965e2b,198213e3-c1fd-443f-b05e-51e86c441564,go
75924296-8735-433e-a9bf-f52bf655214f,afa90f63-3caa-4c93-a2cb-ed05320819b0,pretty
5605b47d-a499-4ab5-9294-2da3434a2fa9,6ce15f25-14c1-4a65-a096-f10934c4ea47,page
ead18e39-a5f6-4a1b-a843-10e9b7144d5e,6ce15f25-14c1-4a65-a096-f10934c4ea47,after
757fde93-53a9-4113-9eb7-25d8a92001d7,6ce15f25-14c1-4a65-a096-f10934c4ea47,kid
e3585aa9-5c93-4d4b-aa74-ff72cf5e2467,953f2821-d7c7-43a8-a87b-ddaf95e6b1b1,fund
00b587ba-59dc-4d19-8b1b-45b884a11366,953f2821-d7c7-43a8-a87b-ddaf95e6b1b1,card
716be931-d37e-4e69-b140-23964925c5ac,232d1f51-cfe7-4814-a4e2-2d24866abb62,investment
90015d5d-6dc6-4f2f-aa30-7cd6dae1f3a6,232d1f51-cfe7-4814-a4e2-2d24866abb62,along
c61702b8-bcb1-4550-bac5-1f165bd49365,ab08cf34-9b11-44cf-bac1-f2e3f48cc211,cold
71e60047-6be0-4e88-8d34-dfc7f4b223af,ab08cf34-9b11-44cf-bac1-f2e3f48cc211,huge
5c5f51af-2b1c-4955-a993-c1524784a386,9e66f91f-8f90-4662-99af-515b4432b1f7,film
6be6c13f-0166-4d71-a459-82405149e434,d0c57714-52e1-4a03-b429-ece2222a1986,difference
bde32406-808e-4184-8a8b-4aa0be24b4c0,d0c57714-52e1-4a03-b429-ece2222a1986,look
36e8297a-9342-42e9-9829-9c781127d124,d0c57714-52e1-4a03-b429-ece2222a1986,whole
c9e41357-77b3-485f-a3fa-990349621edc,2565aa31-e634-4ccd-9b2a-7b38f77ffc2b,decade
01a45fae-1927-493b-878b-1edb0311509a,2565aa31-e634-4ccd-9b2a-7b38f77ffc2b,everyone
0fedd039-4f6c-402d-a72b-f8040bbcb107,f1daef39-b05d-4f85-a474-1849128b17a5,human
47085a14-4970-4bb1-8aee-dd1c79a1de5b,f1daef39-b05d-4f85-a474-1849128b17a5,customer
6ef35de4-9e5c-4cca-b58a-ab8c5840884e,f1daef39-b05d-4f85-a474-1849128b17a5,try
1693bb24-2fd4-4094-96eb-763c8c3afbb0,d0ca34f7-7a1f-485b-933e-5fda122afc06,somebody
740b6a81-d116-4436-9fd2-87bad88bbbb4,d0ca34f7-7a1f-485b-933e-5fda122afc06,leader
bc9b4f93-0d0a-4fd2-b921-e3a869d817bd,f1c48a1b-0de1-4855-8246-689d362c7496,report
b145116e-e90b-46db-acde-685458d61d5d,f1c48a1b-0de1-4855-8246-689d362c7496,threat
08642d6c-9741-4fd7-82af-479a06808e2e,fcfce1a8-207e-417e-bcee-11dd8fb33787,another
c0bc753c-d57a-4199-b219-1690595c29d5,fcfce1a8-207e-417e-bcee-11dd8fb33787,growth
366c8d2a-74a9-4753-965b-47d059efbb2a,fcfce1a8-207e-417e-bcee-11dd8fb33787,who
c1375de7-4b7f-4931-8e1b-3bd261d2fe77,cd8e49e9-93bd-4e6d-97b4-db81ec1eecb3,place
d1e06965-f639-4178-880d-c0b22999525f,fa3d6be1-5f89-4f0f-88d8-635e3849d83b,market
f9b951cb-088d-41c5-9efb-72a99a6d89e6,9e47d901-5c96-4223-88ec-969e244da851,early
c3d323b7-2b17-453c-a039-134d7e662881,9e47d901-5c96-4223-88ec-969e244da851,front
06d7be4a-e61a-4af4-a0a1-e4ddbbe4ed9a,9e47d901-5c96-4223-88ec-969e244da851,though
a3381278-f71a-4419-a041-81cf6d0ae1c0,161e80e0-fb63-4205-a254-94345173db04,huge
6a039eaf-5fab-45e5-8e4e-e75659c90661,161e80e0-fb63-4205-a254-94345173db04,call
2e9f5d1a-91b8-4017-abba-f49432f8f477,161e80e0-fb63-4205-a254-94345173db04,few
e442d26b-ee83-4638-81b3-7bd02fc329b2,11b45d2c-9448-4985-9119-3d837feebd10,choose
fa69bf10-ab9f-4e74-ae70-d5091102b1dd,11b45d2c-9448-4985-9119-3d837feebd10,interesting
2114c06c-0440-4335-becd-3b35597df1f1,e269c356-1a1f-41be-b8bc-3f54b7b6b3af,deal
fd25da49-908e-4ab1-b086-f73d75120969,e269c356-1a1f-41be-b8bc-3f54b7b6b3af,bar
f575112d-6345-4540-a503-496bb4532894,27119e9a-df0d-460b-b8c5-0bf84fb2a5bc,any
7c782b53-f9fa-40de-b1f7-73a84abefab0,27119e9a-df0d-460b-b8c5-0bf84fb2a5bc,important
7e9b60f7-7743-47f9-bfc9-9f87fbb1fe3b,27119e9a-df0d-460b-b8c5-0bf84fb2a5bc,last
a525d095-e198-4622-abbf-d4cbbfc7d57a,0c5d7a0a-e188-4e20-b115-2e9d69f88241,wide
c292f415-5122-420a-8bab-5bd42eb03ddf,0c5d7a0a-e188-4e20-b115-2e9d69f88241,anyone
da42506f-24d6-4834-b41d-ee4039594ca4,0c5d7a0a-e188-4e20-b115-2e9d69f88241,increase
506de1f9-865b-4002-be6e-8950e907e191,f2465ad6-bdd5-4cec-868a-212509d9677a,air
13af0950-e35e-45fa-b374-28b2cd46a06a,f2465ad6-bdd5-4cec-868a-212509d9677a,goal
893dd1ae-2217-432c-91d2-f69e03bcfd30,f2465ad6-bdd5-4cec-868a-212509d9677a,year
2c0bbd42-27dd-4b61-a0ac-5b90bec3532a,5c6a4ced-0086-4781-97b6-f8aef91323ba,camera
401f2c13-d558-48fd-bd1e-4cb99abbae66,159782c1-90f3-4e19-bb6b-b4b057b04434,fill
0fd7b88c-15bd-4ba5-af40-0ef9c801ef0a,1e93ad55-cd23-4ce2-be0d-ceb7e03331f6,assume
a7fdfc5a-3074-4693-a314-90ef2e3e4702,279cde09-686e-4225-8824-bd83d290c91b,everyone
ecf8cbbb-16bc-4bc0-b3b9-1c8478aa3b1f,279cde09-686e-4225-8824-bd83d290c91b,remember
7ba8da3c-3065-4545-b2fd-56b692aa4bac,279cde09-686e-4225-8824-bd83d290c91b,take
b46a6028-2763-4acd-b71b-9597aacbf27a,51e18d4d-6cac-47b8-9ae2-afe37f16b7cd,choose
6f3bfcd6-4316-4cf7-9660-823d370b42cd,51e18d4d-6cac-47b8-9ae2-afe37f16b7cd,throughout
a97d61d7-a52c-4147-b458-0284a28cf69f,51e18d4d-6cac-47b8-9ae2-afe37f16b7cd,point
d036ea11-94ab-4293-b691-6f851497771f,fcf55e30-4d3e-4040-b39a-6e8967dc04f4,politics
9728a372-0b10-4b45-8325-c22d014841e9,fcf55e30-4d3e-4040-b39a-6e8967dc04f4,himself
9ccaa564-cad5-4e01-99cb-c92d45d7d0e8,73cee6f7-7dba-4167-8227-a558a1f184f2,probably
a8a2864f-e747-44d2-a7fd-2b5dd85a4f0e,5e9ffb44-c83b-442c-8517-125842de42c0,citizen
e8a7d4aa-0989-4c23-9702-3b500aa9c541,f3ca117c-48d8-4337-8371-39a021688d59,those
860379a4-31f7-4b0d-a901-9c9c8551630c,9a439e17-4d34-4de7-8b83-824b95aa5ab7,staff
030355f8-ad28-43b1-8d1f-6f3bc3ac5ace,c199b3d5-92e7-48a6-881f-2163a63053d0,manage
e2eed04a-9fdb-4513-8b5d-764d6f32746c,c199b3d5-92e7-48a6-881f-2163a63053d0,person
f7e9d60c-2b7a-48f3-a326-13d3a3ccc957,c199b3d5-92e7-48a6-881f-2163a63053d0,picture
14c7082c-f11f-417b-9796-b4d48f9b095e,ab1f5e30-bfea-4283-9a13-d06b33e15094,popular
4565427a-7fcd-4a3c-8123-dde430fa8e0a,ab1f5e30-bfea-4283-9a13-d06b33e15094,stand
ee31e7e2-a706-4283-8610-18cf1bceb882,b45e07ad-adbc-4dc5-91b1-e643a2c42c6f,should
966d79a3-4df5-4577-bcac-906e5f6f2f1c,b45e07ad-adbc-4dc5-91b1-e643a2c42c6f,plant
180f3e04-f56d-4431-bdd9-6ccd69bf4a3c,6f9a5ead-7dda-4fb8-be9f-d52eeeaeec22,thought
9bbb15a4-d963-4ba6-9061-761325924d9c,6f9a5ead-7dda-4fb8-be9f-d52eeeaeec22,compare
42b38520-9bd6-4eb0-ba3e-b211cd8d9d2f,db5cb3d9-4ecc-4940-b60b-ebd631d654f5,stop
25c4904e-39b6-4715-befa-6e02da6dd8a3,db5cb3d9-4ecc-4940-b60b-ebd631d654f5,sister
36043474-508f-4bf6-a1bd-7ddf32d5509e,db5cb3d9-4ecc-4940-b60b-ebd631d654f5,senior
cbe450cc-f21b-4c11-9a28-09beb4250af9,a96ac1ec-ed40-4219-9aa7-936fc2688514,medical
fc14b5df-4c21-4a3a-a4aa-69913d20dbed,5320b048-f68b-4d48-8579-feaf26a2faba,listen
31701375-39ed-4c51-8ea0-281c82b660d7,5320b048-f68b-4d48-8579-feaf26a2faba,reflect
e1423182-c128-4e6b-a37d-b90f613f3f0c,5320b048-f68b-4d48-8579-feaf26a2faba,woman
e7dd0ef0-e637-4296-9746-b711b711e843,31042907-5f56-484d-8563-e281acb30d2e,spring
3b540044-75ab-4487-a113-cc2bafe8213e,349f3306-ea2e-4e3b-a00f-a82f4b3f9a4b,company
48453667-ad31-4926-96df-80605028fbad,349f3306-ea2e-4e3b-a00f-a82f4b3f9a4b,company
5ed37e9b-0f5b-40ec-a457-f79b9e9faa85,349f3306-ea2e-4e3b-a00f-a82f4b3f9a4b,go
cdaa4a95-2641-4450-a3f5-aa5a174dd283,b65b01f3-257b-4d17-be03-b7a820d95a6b,allow
5cd052b0-243f-4315-93b1-ec434baaf38b,b65b01f3-257b-4d17-be03-b7a820d95a6b,only
fabe927b-718a-49bc-9a9f-d2b42bcbe082,27081bb8-19c8-4045-ad2a-8380e533158e,feeling
4c870908-4ae4-4d45-8c03-815714065191,27081bb8-19c8-4045-ad2a-8380e533158e,near
3b8eca44-bb4e-4c09-a4c6-cd0944106a60,75d5455a-8c13-42b5-959a-728f8427141f,note
27efd03b-2bca-4753-90c0-49953454d583,75d5455a-8c13-42b5-959a-728f8427141f,section
726d6865-5645-4942-8a7b-51483c5ac6b3,3ad7c896-49ae-43db-878d-768ba5f8a016,walk
673c2d6e-ff7b-44ac-9f42-9e762db48947,3ad7c896-49ae-43db-878d-768ba5f8a016,table
bac84753-cd00-4bce-8b84-49afea26b14c,8ea16754-8b48-4b34-a876-b51d168e0b8c,everything
9ba28f7d-db45-4687-b2b1-2b7353261bcd,4109e247-c263-4bcc-900d-308de33871ee,road
b482665c-c143-47d7-b890-45016d9ec202,4109e247-c263-4bcc-900d-308de33871ee,from
3f6ef611-0c08-484a-b50e-219409c7b3c2,4109e247-c263-4bcc-900d-308de33871ee,note
e84a0b6a-3ef4-4689-816d-95f9d23a2105,ee2cb680-8a8f-4f4c-a228-8da91c16606f,fight
b6795ae3-d26b-41ae-a801-47197afa7cbc,3d3a3e32-743a-4297-9365-c9e93d874ede,follow
eb1ee8fa-d102-4b69-ab8c-5bf05f15243b,3d3a3e32-743a-4297-9365-c9e93d874ede,control
288fbc01-28c2-4696-8a23-00a05b045863,3d3a3e32-743a-4297-9365-c9e93d874ede,good
c52b8f28-3722-42ba-98da-729f146953ff,4906f8cb-a724-4df4-b309-e744d9ffbdd8,role
3bb17e89-4586-4557-b3bb-acbcc89dbf5e,4906f8cb-a724-4df4-b309-e744d9ffbdd8,simple
40a74d5b-3ff4-4303-b152-d8b92a87c7b6,f0050cd5-f481-4b6f-937b-f7442553f8f5,here
d976c56d-1274-404c-b412-c605fe96238c,f0050cd5-f481-4b6f-937b-f7442553f8f5,similar
d76908bb-d01f-49a4-b45b-33ba33766818,eab81785-0f79-4e4d-81d7-57e239ebafd1,theory
d2e6e884-ab1c-4f11-9451-64d679d326fe,eab81785-0f79-4e4d-81d7-57e239ebafd1,better
8e386e7d-20d2-4e56-8bc9-166a41acd686,1355882f-3f04-4a2f-a84b-dbbb2de55be4,near
1d4b1a82-daa8-44a2-b95d-33398e544fdd,1355882f-3f04-4a2f-a84b-dbbb2de55be4,recent
d4695be1-8875-4277-9902-ffcd155e0ee6,1355882f-3f04-4a2f-a84b-dbbb2de55be4,nor
002159c6-9d5b-439d-861b-ecbeaa403b58,eacfcab4-fc5d-44ac-8af8-56d4b43d154f,song
72615bc8-9110-4709-babe-9cbe9a9975f2,eacfcab4-fc5d-44ac-8af8-56d4b43d154f,around
16603e1e-f798-4ae0-a04c-4dff9e2d18ec,26c2e679-9c78-4c89-8d35-e63d17215941,environmental
3ab73a91-c3f0-4f7a-9118-4ff9d4d00b82,c5257f9e-9509-4839-a06f-00c4cfebddbd,imagine
5d5174da-04d7-4f0e-9c7c-fffbf0dbeedc,7a937608-2a0a-4e89-8742-1ae67473ccb6,hand
cbe9290b-80ac-443d-80e6-4e9ba698e5bc,5d12abb4-7ca6-453d-b4eb-6c687060cae1,campaign
a392fd4d-8330-4e00-bad8-0c76eb0d85ab,5d12abb4-7ca6-453d-b4eb-6c687060cae1,since
ead5e484-abec-4f22-aed0-0d108d670457,5d12abb4-7ca6-453d-b4eb-6c687060cae1,student
46134405-d7ac-4d78-b5e2-8f441012193d,7ba43239-663e-4530-aca3-a81cf100bb85,when
10131b32-895d-44c6-8c30-1c6baba6cd2d,c9f67326-600b-46aa-85eb-d2b1f78546f0,natural
0a591a73-f3d0-4f3d-b96a-b08a3ea7df0a,c9f67326-600b-46aa-85eb-d2b1f78546f0,rule
a1bf40bd-bc7a-49d9-b75f-40410c81c967,020058a0-e9c7-40e9-b0b8-1f5834aa584c,song
bc231e3b-ff3f-4864-a3d9-64d9632830d5,020058a0-e9c7-40e9-b0b8-1f5834aa584c,large
44a46945-87fe-4700-8112-28c219afb17f,020058a0-e9c7-40e9-b0b8-1f5834aa584c,quality
be567fa1-5cdb-4c7c-ab8d-d76a099832c4,2114cf24-a8bf-49d1-8e20-c7c2397b1015,reality
21991e65-d79f-4827-acbe-fb6ee8af33bc,2114cf24-a8bf-49d1-8e20-c7c2397b1015,score
1b395cdd-a113-4077-942b-2a1127f7d3ba,bad934f6-077e-4998-9abb-5d2cf89f815e,participant
648ca3b7-abf5-432b-b113-5d6b0d218286,bad934f6-077e-4998-9abb-5d2cf89f815e,authority
48b198f1-78f7-4ee3-a1be-4f8201b1d80e,bad934f6-077e-4998-9abb-5d2cf89f815e,nearly
4fadce9e-6bea-490e-8c10-1f1affa87375,db020308-74d3-475f-aa02-fd9e6ec9b3db,property
6277e5bb-611d-445c-af1c-b5a4414eabb6,3c7df1e4-bf61-4e36-af3d-22291aa01b47,east
12def252-b503-4118-9056-130a85d5754a,3c7df1e4-bf61-4e36-af3d-22291aa01b47,center
4295b370-c512-4160-999b-12294f4d0672,0caa5d22-9e7f-4690-a483-e06de73a6b47,region
55b9e8e7-45e4-4ebc-b542-d2ea00b79017,0caa5d22-9e7f-4690-a483-e06de73a6b47,my
0341dbe4-b857-40cb-ae54-475cf5f32629,0d81e691-7210-4bc2-9f14-af850926d77e,sit
1cc36b06-6218-4054-98c8-e2fe83785618,0d81e691-7210-4bc2-9f14-af850926d77e,along
b9710110-d318-4461-9782-aa802265bd76,0d81e691-7210-4bc2-9f14-af850926d77e,mean
83f804d0-0127-49ef-901d-c37f38a83cb4,6ef614c3-9977-4eec-adeb-0378c8ca7b99,example
bca7be8d-38bd-4bf5-a36d-0b35db63218b,6ef614c3-9977-4eec-adeb-0378c8ca7b99,simple
fd7bc737-912f-4287-9926-4085b3b56f27,7886b59c-e1ca-4af7-b0e0-0acc6bbf691f,how
d80f33e4-66a5-45d0-927b-e90bfe271dd3,9531b9cf-5863-43f4-81aa-15258fa5e2ef,summer
2824ed1f-7613-4f4a-a528-600e0e14be83,9531b9cf-5863-43f4-81aa-15258fa5e2ef,lot
eeca59ec-0b97-4937-9f61-f98f9145cb43,9531b9cf-5863-43f4-81aa-15258fa5e2ef,commercial
b4da1c54-7631-43a0-84b9-71287c34d0c4,7d80418f-9aee-4062-84c8-5ebc00c0a8be,large
ed1727e0-68b9-4fc3-9c47-92d82926c833,7d80418f-9aee-4062-84c8-5ebc00c0a8be,two
ceadc424-2a8f-4bbf-9d69-411bf5d24bae,349e64bd-d20c-429a-b7fc-849485f76469,keep
198db273-affd-4559-9751-a224ad77208b,349e64bd-d20c-429a-b7fc-849485f76469,voice
26530876-a80a-4395-ac8a-117688d487c1,349e64bd-d20c-429a-b7fc-849485f76469,growth
6661ff3d-9515-46a2-a29c-c387e9b36a2e,598b5879-d572-44aa-b90e-39d4651c52a3,leader
3e96d3e1-4d31-4614-8bd1-ae540b8faa95,598b5879-d572-44aa-b90e-39d4651c52a3,of
da1721a3-1d3a-411a-88c4-4ba1f99cb6a2,d658b702-1dd1-43a3-96d2-1651d2c98484,health
588a990a-d507-4009-aab2-96fecb487eaf,7c261cc7-519a-4182-aa98-3f8f17a175d4,soldier
eb938700-14cf-4e34-b500-9f66333a858f,c97a2d66-d32b-450a-a488-9737e254272c,event
4d860f31-d641-4dbb-bd74-9b849b7766ec,f3f278ed-0359-40d9-a99a-b3ae49f32f72,ten
ed590920-5a4c-403a-adcc-94ae637aaf23,68ae9912-fe33-417b-b05b-2fdf0c4849a5,eight
d9a3e66a-cbf8-4c7d-887a-1379d8669710,68ae9912-fe33-417b-b05b-2fdf0c4849a5,like
282cc6ef-efd7-45c0-bf61-220bf65d500a,ef21afc1-cfb4-4f5d-9218-447a3b51df3d,support
79ad56be-71fd-4d6b-b88d-8828d9cb9ffb,e763a436-a11c-4ecf-ab89-9dff51bbd30e,though
b4dda2ee-6abf-4536-be74-28aca1f80698,e763a436-a11c-4ecf-ab89-9dff51bbd30e,table
4ecfded9-16f2-413d-9c62-e7ba2c731a9a,e763a436-a11c-4ecf-ab89-9dff51bbd30e,step
e181cdf7-d124-4ea7-91a6-de625cb786cd,ec81df8d-a63e-41f9-bd32-dc87d365a8c2,that
a537f141-a373-4f6a-a694-c2cda14e81bc,ec81df8d-a63e-41f9-bd32-dc87d365a8c2,relationship
6adbfa9b-6d40-4e54-898b-afb58ea540b4,aba3949a-0e56-40c9-924c-0dcba3aaac61,machine
2df3c112-ca0d-4479-9bf0-7d0974c8ddf7,17973ed7-4ed7-47c2-bc45-18e788a6498e,them
42991408-38cd-4430-a938-3cdccd2f877f,17973ed7-4ed7-47c2-bc45-18e788a6498e,article
6cc63f69-4571-4c63-be43-63cb634c78ee,17973ed7-4ed7-47c2-bc45-18e788a6498e,bit
68bffda0-cecd-4b5e-8d3f-7c3c720d7ae0,02703ec4-22a1-4161-bcf4-5767bd50f822,perhaps
ee4d57a1-06f1-44d9-b5cc-4e08ec900aef,02703ec4-22a1-4161-bcf4-5767bd50f822,discover
545afefb-e854-4e5a-a8f6-8c719431edd4,a1201fc1-8882-452b-967d-ff84af94eaaa,look
d3e4aad1-6c05-47f5-8fc5-5361daab3d26,a1201fc1-8882-452b-967d-ff84af94eaaa,single
1f558754-9d5f-43ea-a532-b0c8859e2089,a1201fc1-8882-452b-967d-ff84af94eaaa,government
25a3dbb9-2a9f-4e0c-ac20-3ec7c8d29c80,4cefd0fa-8982-4d0c-a955-6ac6dd82865d,mean
3ef05564-d97e-42cc-bd40-fd46774324f1,4cefd0fa-8982-4d0c-a955-6ac6dd82865d,gas
74973b3d-5da7-416d-a45a-735b6022bdc8,a89abae7-19db-4623-b353-14df7e02c420,wall
3832670f-86b0-42b7-af84-71506f3f30a2,a89abae7-19db-4623-b353-14df7e02c420,might
a5e91e2f-5681-4a21-931b-7d971d081117,a89abae7-19db-4623-b353-14df7e02c420,write
34ee70f0-e938-453d-bb63-0ed17268afff,6083346a-59be-4256-abe3-169384894146,economic
3bec8b68-e17e-4fb1-8950-d8a5d814b455,ea80be27-dfcb-473a-8a0b-98efc0be36cd,receive
01de7778-6ce8-4193-8082-2daa58edc335,ea80be27-dfcb-473a-8a0b-98efc0be36cd,southern
08bf16eb-7de2-4767-9082-0e56054b5090,ea80be27-dfcb-473a-8a0b-98efc0be36cd,happy
c8f31e98-3400-42eb-809c-e17f48474b87,8b340c79-65b3-4be2-a4c7-4e4d70851d42,stock
e22c7030-0b23-4160-b1ad-e75c65281f65,8b340c79-65b3-4be2-a4c7-4e4d70851d42,picture
fbd0678c-024e-455a-8004-4ea477508514,8b340c79-65b3-4be2-a4c7-4e4d70851d42,investment
1cb258db-4ff4-4133-9045-deb25efb231d,974b8ef0-fc2e-4923-923e-5671915f348d,hotel
032a633d-7efa-4520-8c0f-633cfb9c1004,974b8ef0-fc2e-4923-923e-5671915f348d,paper
e2e6ba0a-50ce-46ae-8268-a9de5f6c55a7,b88091ea-5458-41b3-8e70-6c170947407d,man
dda6effc-ccaf-46a1-9446-7dc874109901,b88091ea-5458-41b3-8e70-6c170947407d,arm
c956e74a-f941-4a77-97a9-9adcbf86a704,8155dcff-68f5-43bf-8a41-0d7b659d2be0,official
b7bb76cf-cb1f-4d6b-9cf2-70fe28dc4aa1,8d390cc4-69ac-42f0-abc9-d675cc72b7b9,western
9dc0f4ce-14fb-4b16-8819-db319cdf660e,8d390cc4-69ac-42f0-abc9-d675cc72b7b9,some
46a3d924-2de1-4272-8bd7-aa711f0afdfb,8d390cc4-69ac-42f0-abc9-d675cc72b7b9,benefit
bb931d50-c198-4262-8a93-835ee944a5e6,b400f2ad-9347-4696-979e-3ee3d0c9611d,idea
fe62c45d-91a7-48c1-abfe-b1afafa9c2c8,b400f2ad-9347-4696-979e-3ee3d0c9611d,tell
e0866cd7-1df4-4e6c-91cc-105861302f29,b400f2ad-9347-4696-979e-3ee3d0c9611d,rise
4883fae5-2c41-4557-90ee-40a961933f90,6f4528a1-c699-400e-9184-6af16b0ac5e7,those
3ea178da-16c0-40d6-9400-764e2f62f562,6f4528a1-c699-400e-9184-6af16b0ac5e7,audience
35b5896b-decc-426e-b625-7b45d03f8135,6f4528a1-c699-400e-9184-6af16b0ac5e7,than
947816fd-96c8-47c6-bece-16d45c5625fe,5bba174c-f004-4c5a-9497-02ec0ebea903,consider
bfbcf0f9-400d-435d-8fd2-a6d3c7864520,5bba174c-f004-4c5a-9497-02ec0ebea903,security
4914f046-4172-4cbd-aa07-b06de5d15bab,5bba174c-f004-4c5a-9497-02ec0ebea903,candidate
83171233-7ed1-4d21-b41d-c3b8b65bebf6,a854cc72-b7cc-45a0-81a7-1cb78f318163,program
cdedb97b-a7e4-4ed5-bccd-e9da0e114775,8b9039c5-1d03-4890-bd58-23cce80dcf70,agent
0f2c815d-c34a-4a49-946d-1ddd00d3d08a,8b9039c5-1d03-4890-bd58-23cce80dcf70,station
aa1b4d6d-f87f-4c44-bdba-0d2718f93f06,ab5c8d60-d0ae-4fb3-802e-113fa7565b6f,national
eec077fa-81a3-47c6-9070-f4b2a2e815fe,ab5c8d60-d0ae-4fb3-802e-113fa7565b6f,sense
d195a70e-e366-4a3a-88fd-f50a6b0f7289,ab5c8d60-d0ae-4fb3-802e-113fa7565b6f,participant
976bc00c-431e-4803-b355-31682f3e041b,b5220075-4da9-49a2-a0f7-a856b745815c,address
91becbda-3175-441a-ba11-2ed7babbf5aa,26bb08d6-29dd-410a-9a88-db2a24fec1e7,keep
e48f7958-21f2-43e1-ac75-3608e5238397,2c39b656-a025-4e2f-941f-2409fc8412e0,back
2f14088d-132a-4a1f-9ee6-71a616cec7c3,27628450-6825-4704-bdfc-fb3b603bab31,produce
0f5f7752-8ca6-4ead-946e-0470fa2c8e53,87ee7b88-5b4f-4df0-901f-d0d4a528ad8a,main
0f036f33-2056-474e-a82d-8cf9328f6b39,6b2ac44a-0af6-449b-afc6-808b57e7f56f,sister
61a752b0-1da8-4da0-916a-7df6057f85ba,6b2ac44a-0af6-449b-afc6-808b57e7f56f,join
aabe1fb6-b9bd-474c-a09d-b1640994cb03,a4aa211c-8e4f-4226-aea0-1c42daf5adf6,fear
885a5072-3096-4327-aa59-bd98247d6f89,003fce29-9037-4971-b454-de40fe18bed1,evening
f01bea12-5aea-4355-aa28-16f674769355,003fce29-9037-4971-b454-de40fe18bed1,seek
22ccd521-3ccd-4ae6-9c60-c03946b38d08,96d80019-14fe-40fd-b7fb-7eb5ae3c8924,feeling
3d9da633-594e-4d2b-8444-f9dbe6d5da63,96d80019-14fe-40fd-b7fb-7eb5ae3c8924,this
dddf4191-4667-4dfb-97a5-13e21774ed4a,96d80019-14fe-40fd-b7fb-7eb5ae3c8924,eat
f4673948-2ec7-45d2-a753-374b7c357c3c,9306820b-9f66-47f1-92a9-640015a11f68,under
9800d96c-ebe4-454a-8cb8-542b279e481e,9306820b-9f66-47f1-92a9-640015a11f68,dark
92752274-b285-46f9-aa95-c3c56e2a3d9a,9306820b-9f66-47f1-92a9-640015a11f68,assume
0f7036fe-046a-4f23-813b-39cad70c2138,82cc485a-c71b-4217-9373-c35336670a47,nor
30f5af94-e7e2-4544-9072-463756d5bae1,82cc485a-c71b-4217-9373-c35336670a47,front
3b7b3fd5-ff6a-4a7d-8c2b-5d3f985c9632,0ece3608-0819-4493-84ae-7f3d2ea5afff,defense
9942bee6-2a0e-4ca0-81fc-567706c56550,0ece3608-0819-4493-84ae-7f3d2ea5afff,tax
741aa207-7edd-4e7c-95db-121612fc925f,5f93584a-2be4-4bf7-a0b2-f9493767bf12,beautiful
1be12d4e-27a0-4406-88ea-9d386f9430a9,5f93584a-2be4-4bf7-a0b2-f9493767bf12,style
e85f8d19-ae94-4752-84de-281ec81fa49e,5f93584a-2be4-4bf7-a0b2-f9493767bf12,seek
10f39dbd-fe92-49f0-9488-e9ea22c40a26,d74ea942-38ca-4ec8-8622-cc514a2aae49,research
6a8e885f-8aec-4273-92c3-0428712388f4,735d79a3-f909-4c8d-9dd1-c6d54e02b9ea,value
e0774bdb-7881-4ccf-b0b9-4661e70cd5be,735d79a3-f909-4c8d-9dd1-c6d54e02b9ea,live
d2a4a7b9-1591-4c76-af9f-d9c7df28717c,735d79a3-f909-4c8d-9dd1-c6d54e02b9ea,concern
71925307-34f3-4366-be6e-e5c413e507ea,92b62fa7-a4d0-44f1-b243-eb4dac3ec893,hotel
5fd7b608-7201-4d53-b810-a11c1fb3c08c,6615a4ae-0f47-4249-9173-b52232742171,like
ef9da2ec-bc8e-4b0d-b0d8-ad4d2abf37d1,c881709c-d904-4327-b899-776e64b59878,always
cb977317-27d6-4e7c-b33e-f50cbac7f037,c881709c-d904-4327-b899-776e64b59878,main
afcb920c-7476-41df-8292-68febf0d2839,c1ae9586-2b62-422b-985d-29935001f2eb,owner
7f5e46fd-f269-4944-a00c-e4da8673c1c2,c1ae9586-2b62-422b-985d-29935001f2eb,ball
8c4ff7cc-694b-4904-9a82-5b8323ecc535,2e40f3b4-ca8c-46b0-a52f-9414fae68e8e,candidate
85941563-fc33-4ebf-9d65-e6231e057b09,2e40f3b4-ca8c-46b0-a52f-9414fae68e8e,professor
b8d071d7-4395-4f6a-b6c8-7c30b65ba089,2e40f3b4-ca8c-46b0-a52f-9414fae68e8e,heart
8d6fb578-0d03-4063-9459-7eada48a46d1,62defde4-d0ca-42d2-a180-affec4790755,without
8ea9b6fd-0d4e-4e7e-8117-42c9b944a396,62defde4-d0ca-42d2-a180-affec4790755,quickly
6d4365be-86c6-4b71-b48c-575eeb7a0b8c,62defde4-d0ca-42d2-a180-affec4790755,authority
a77c84c3-a306-4c56-af36-219171236076,3d6b3e54-cd5f-4793-baaf-88047c4763a5,life
568274b5-80dc-4d85-810e-c765632da352,3d6b3e54-cd5f-4793-baaf-88047c4763a5,fear
e8991346-9638-4ad6-b317-aa89850e1459,7459a92f-4f4d-45d2-9c1a-fc098445a7f4,sometimes
268ccb6d-3a34-471b-9999-c1b72be9b79b,7459a92f-4f4d-45d2-9c1a-fc098445a7f4,prove
27a58343-d2cb-4635-aa57-ce79ea883898,7459a92f-4f4d-45d2-9c1a-fc098445a7f4,possible
0ee2600a-efad-4245-af72-e5437f628041,01b6f6a6-0e80-44af-8961-715375f21a6b,feeling
4861ebec-98c9-4ae8-b60b-5411ec1e4928,01b6f6a6-0e80-44af-8961-715375f21a6b,remain
b5205f12-a31b-4237-992c-27e049615661,ce635bea-49e1-49c3-8d7d-0bf134318139,company
23df0476-bb2a-4391-a949-d1814e1b1ebb,ce635bea-49e1-49c3-8d7d-0bf134318139,suddenly
cedcb232-02de-4993-98ca-749fb680263c,b7b4569a-b75e-4f38-a54d-50b514eb6a82,issue
92663219-efcf-4013-b050-dfdf54c98386,b7b4569a-b75e-4f38-a54d-50b514eb6a82,church
eb2534a8-3b3b-4b2f-b9dd-e782563cb4a4,b7b4569a-b75e-4f38-a54d-50b514eb6a82,also
12622d87-6d7e-4f24-a550-1d8ad7d588c4,2f302bb9-0aa2-42f5-b3e3-e5e49d59b252,win
dd983e5e-9fe5-4546-b7a5-62ee5d64b3b9,fbed8c7e-7eea-4240-a1bd-bbe276cf1f72,glass
4fecda04-92e4-4352-9f3c-eba7b5a8411f,2314e4f7-cf77-4621-ac49-ff4a7a31ae21,serve
dca82798-632f-44b7-92dc-ca323b92d6d2,2314e4f7-cf77-4621-ac49-ff4a7a31ae21,follow
44e60275-06ad-492d-845a-518b3f0d7ae1,2cac181f-5af7-4359-b420-a68aaa1e788e,usually
ecc0e6ff-45fb-4122-9f8b-0f5f37b81151,2cac181f-5af7-4359-b420-a68aaa1e788e,near
db5f510c-26d6-42f8-8300-d9e45c51fbaf,2cac181f-5af7-4359-b420-a68aaa1e788e,cold
6189c700-469b-4db9-bdf9-8a6b45e2f7e4,5689ac0a-fa86-4738-a5a7-21f6bf642c28,sell
b76fe4bc-f5ab-4f77-97a8-e204346886a9,3520ac9a-f4a0-4611-b1b3-31c7f1950202,attention
da5ac199-dd88-4c53-b8dd-d0f5c8fea726,3520ac9a-f4a0-4611-b1b3-31c7f1950202,today
194aa608-09e6-4f1f-9f36-a7caba9bd8b0,3ec32178-8e41-4459-b14d-764f1f2242fc,almost
2842fbe2-e897-452f-824e-2d55dabae447,3ec32178-8e41-4459-b14d-764f1f2242fc,few
b07ca713-5090-4c0d-ae97-fef0b359931e,996c0231-343c-4991-84c5-2f8e356535fd,with
1aa04016-4534-44f4-aa40-e360c01671c6,996c0231-343c-4991-84c5-2f8e356535fd,star
4dcb5402-e7a8-4463-9086-e6227783a4fa,996c0231-343c-4991-84c5-2f8e356535fd,she
485f16fa-825b-454b-b509-7299c595a288,405653e0-3457-40c7-befe-7aa972cdaac5,know
133019a9-3510-4f1f-bcbb-3d1ef5a0b703,405653e0-3457-40c7-befe-7aa972cdaac5,difference
5c314c9e-6292-40da-9853-5f5d3a9e8c5b,405653e0-3457-40c7-befe-7aa972cdaac5,ahead
9cfe6f1e-d2f7-4ed1-9eeb-90c2201f528c,f23aa504-8a24-4ee4-8248-5dc6bf879eff,long
a42dfd3f-f48a-46c7-8450-33c8d523edd5,f23aa504-8a24-4ee4-8248-5dc6bf879eff,about
02765cec-1c7c-4f91-adbe-5a2ad31ffe29,87693911-aaf0-46e6-9d30-51740d20011b,sister
2de415e8-fd52-4753-8b87-e210f942eeb4,b5079d0f-cf2f-4385-9f9a-f0e89b1cc9df,Congress
e5fe7003-04af-4779-acfc-cd54cf30c468,b5079d0f-cf2f-4385-9f9a-f0e89b1cc9df,father
f380fa99-6f45-48ec-a60e-72d1a8aee4db,b5079d0f-cf2f-4385-9f9a-f0e89b1cc9df,three
81e105e9-50ba-4364-9f9f-d8a87ca85528,ff166afb-9880-43be-a78a-c4527e93881e,thank
1ca32d7a-4238-4a89-a8bc-0dad541de947,ff166afb-9880-43be-a78a-c4527e93881e,must
f1c3db6f-dd3f-4dd8-b0f5-8835f6b334b1,ff166afb-9880-43be-a78a-c4527e93881e,run
d4d25ee0-c6b2-4e0d-abbb-22080eb0abdb,8de9ce53-4d2c-4c7c-b783-e95def5484d1,son
3e2303c1-9167-4bb1-8782-08672b697b65,8de9ce53-4d2c-4c7c-b783-e95def5484d1,conference
bf59c90f-deee-40f2-bdc6-f40c66ae5a20,8de9ce53-4d2c-4c7c-b783-e95def5484d1,answer
15093ad6-df9c-4ee8-924d-2bda01ea5b7d,eba52544-bd62-42b2-8ab4-74bd9668b0e3,writer
07e4524a-f7bc-47eb-a33b-5789029da00c,1972de51-11e6-48b5-a586-ba47efa530e9,head
1cbe2e8a-9cd4-435e-8402-47f69b54e4d9,984b22b6-3422-4648-995b-8d9a0377268d,agency
398848f2-cb73-4db6-8372-bf9bc7589900,984b22b6-3422-4648-995b-8d9a0377268d,fear
f9a49942-6a5f-4e43-9f87-f105709e1d8b,525ce397-eb44-4cd2-8dc6-0c7556b40348,rich
8c86e0cf-5944-4bfa-914b-8e274c73d9de,525ce397-eb44-4cd2-8dc6-0c7556b40348,ask
02ec3e39-71ac-48c0-9b27-1fe05e2c5f76,525ce397-eb44-4cd2-8dc6-0c7556b40348,front
a6fe9e71-8ad2-440f-8b82-1d18260e96ab,691822bb-2b8f-4b59-838d-f31d01adca08,value
35e829fc-38c5-423b-bc13-c3ba8e36e9c7,92a6e636-5998-4630-8afd-6e2c7e46363e,upon
a100a8bf-69e7-402a-8854-f9f8f5af7698,f9c7cd3d-6f22-484e-98a9-df7fbd4e9c87,wall
93dc590a-3a7e-4d36-a950-b74215ed95d1,f9c7cd3d-6f22-484e-98a9-df7fbd4e9c87,message
1af11fa6-33da-4721-8378-e1b2fc6c723b,f9c7cd3d-6f22-484e-98a9-df7fbd4e9c87,couple
663f4e41-ec2f-4b6f-a283-f3d4333cb2b8,500f3611-d902-4682-8e87-d9a2337ecd53,owner
5bddab19-870b-4c0f-8291-8985f69da3ec,d8f7cf52-90b6-4ee9-b3ba-b946154aa78e,character
bbf8144b-924a-4fce-b1a2-ca8ab5486efa,d8f7cf52-90b6-4ee9-b3ba-b946154aa78e,rest
097e7cc6-af8b-43c7-97be-08ea1dbd7740,88dca2ed-ffd5-456e-99f6-5383e75e4f70,fear
d4dc141b-81f5-481b-9b0d-e693a827db77,41182d0c-4562-4a45-8867-764fd1950d77,each
ce6195eb-b545-4358-8e8b-9df337cb18c8,e8e98322-8f48-4903-b253-72212514a8d5,democratic
de2324d9-e934-46e6-b4bd-21c082b616cc,e8e98322-8f48-4903-b253-72212514a8d5,like
93ac14ca-6e35-4942-b2c4-adec968d9c38,9c03c0c8-f501-4bb5-8be5-c46892bc7d1a,entire
00b2afe3-1413-495c-9c34-fbc21fec536f,9c03c0c8-f501-4bb5-8be5-c46892bc7d1a,they
20608d07-4774-40e0-a32b-d76e7bf319cb,9c03c0c8-f501-4bb5-8be5-c46892bc7d1a,example
7eee3611-f7d9-4033-85af-3eb0748ba654,c6e591ed-4244-455b-9155-09c3ca1f93dc,professional
fb91ccd3-8373-4b71-8e68-ef256d225ed5,dc15e136-2559-4594-a2af-ca96682990a8,often
ea556e34-7c93-4ea9-b01f-3acd009fc08d,dc15e136-2559-4594-a2af-ca96682990a8,heavy
ac29d542-7761-480f-a687-6161ad501017,ac64b705-8220-47c6-87f6-8dffecf3f4d8,parent
7b69be74-c4d5-4a73-bfe3-1661d6750060,ac64b705-8220-47c6-87f6-8dffecf3f4d8,attention
a299a1b1-65de-43e4-894d-024099eb4db7,ac64b705-8220-47c6-87f6-8dffecf3f4d8,interesting
4e993c40-4a5d-491f-b7a3-c58b24d340f5,de7cd5c3-12b4-45ce-b92a-d186754a9924,report
a3d5d83e-3e66-49b0-9c2c-e9aa2ae215f6,de7cd5c3-12b4-45ce-b92a-d186754a9924,experience
76b422f3-d3f4-4aed-b438-b06757de539b,e1712f92-e2d1-4a9a-90e0-a403fa175c4e,either
24d892c7-a2d5-4076-a7f6-3ba6424cf152,74beb171-1645-46b5-b221-e845f69bd54b,student
58c2dbbf-583e-4f74-b557-b325752011ce,74beb171-1645-46b5-b221-e845f69bd54b,huge
c8aaaef7-a5ae-4fb0-8158-44ad1dc3df1c,aa060da9-d54a-4298-b4da-4e48832b1e48,also
4456ef01-c03f-4932-929b-82022acd3b5d,f6039b56-f484-4585-91cf-9430175fd7a4,gun
5d743aca-6c82-42e7-ba88-a0a50d443590,f6039b56-f484-4585-91cf-9430175fd7a4,boy
04ee31d3-4208-4c2b-88f2-5645c649df46,f6039b56-f484-4585-91cf-9430175fd7a4,response
aacaddf6-1449-4ab9-8015-a7dc16d2db53,a83a560a-656a-4486-9f85-efd0bf609364,design
a0242baf-91a5-470b-92da-aae4a5d2505b,a83a560a-656a-4486-9f85-efd0bf609364,Republican
f59bc86b-d43c-482e-b3c3-523d09d329fb,a83a560a-656a-4486-9f85-efd0bf609364,say
1219f770-bcdc-4ac7-874d-de7f9849daa5,acb4b768-8eeb-42d3-880c-4accd00dd592,scene
b68e9809-2909-4cb1-acb7-68128bcfb05e,acb4b768-8eeb-42d3-880c-4accd00dd592,speak
3c81a7bd-fbfa-47c0-8d91-809d519668bf,7595cbbc-17b4-44e7-a511-966124ff7383,nation
687177d4-6c5a-4e94-b820-9e04fcfa81d2,34f66332-791b-4489-935d-be81160a7a6c,bill
b90ceda4-2390-43db-b1be-b53ea5111dea,34f66332-791b-4489-935d-be81160a7a6c,daughter
d19ef728-ef4d-4c36-8730-a214c45167e9,34f66332-791b-4489-935d-be81160a7a6c,short
8e8120ca-1679-4f08-b97d-8d471cb129cf,93f1caff-3387-4d48-9d57-867fd71d8f8b,interview
5a265a6f-178a-4e43-911f-8c11208b109f,93f1caff-3387-4d48-9d57-867fd71d8f8b,great
84d48a26-0821-4ae3-9b0c-dc0c3b92ce53,2a44d912-6915-4385-9bb1-529dba51340b,discuss
f5a94bb6-f982-4131-ad39-1f3a1a75941c,2a44d912-6915-4385-9bb1-529dba51340b,computer
04eaa810-ce5e-488f-981d-67fdd41724f5,2a44d912-6915-4385-9bb1-529dba51340b,about
72769f5e-827b-459c-8d8f-a2b35531ae2d,45b05188-85be-4e7f-b237-3033f673e4d1,kitchen
9073da36-d530-4cbd-a462-61a9259188e2,45b05188-85be-4e7f-b237-3033f673e4d1,join
a1bd4217-5872-42ba-a572-8a56e7f78fa0,45b05188-85be-4e7f-b237-3033f673e4d1,board
b1164497-4cdf-40fc-a991-a4d44565bb08,ff94c07c-d14a-40f6-b45a-22577c9c6cc5,region
c11c1b04-e3b8-45f7-8378-318414815687,b0b6240a-c9c5-44ba-8a64-160c7ace8b01,public
1375dabf-b245-4af1-927d-d920365e9e43,b0b6240a-c9c5-44ba-8a64-160c7ace8b01,senior
c97addec-2df2-483f-ac1c-87b56a83b93b,b0b6240a-c9c5-44ba-8a64-160c7ace8b01,center
c06e9e71-1366-4c53-9646-e3e07e86ac11,a607d314-49ca-4f7f-aec6-574e718d1480,power
da4c5f69-73f9-42a9-b5a2-7934532538cd,a607d314-49ca-4f7f-aec6-574e718d1480,player
55b57e49-db4e-4aaa-9f6b-08a7276eed23,a607d314-49ca-4f7f-aec6-574e718d1480,upon
6ae32271-0dba-4819-95aa-ea5d92f0733f,9698a56e-8482-45de-aa23-20aa74c7b78f,entire
473c084c-4044-4089-b224-2e1e467a96ce,05aaffd3-cbf6-4ddf-a380-4e356da0b97f,size
0b5f8cfd-eb12-4c5e-9a40-3c31ec2e53ca,05aaffd3-cbf6-4ddf-a380-4e356da0b97f,writer
f1b65e50-7486-4828-b228-7bb489980020,05aaffd3-cbf6-4ddf-a380-4e356da0b97f,center
10cf95bd-ffbd-4ebc-b92f-3a3fe9e19f35,82f89dc2-e72a-45bf-93fa-810fa91bb819,represent
e5fdca6d-0ebe-494f-aae6-0468acbb93a6,82f89dc2-e72a-45bf-93fa-810fa91bb819,painting
8a0bffa8-0d30-46c2-9e4f-55476dadc3ef,82f89dc2-e72a-45bf-93fa-810fa91bb819,suggest
