user_id,name,visited_city_id,wants_to_visit_city_id
d0862afb-d99f-42c3-a893-ed8d985326cd,Denise Douglas,6fc4dfac-52d7-483b-adf9-1ee3327dbcca,9f5732ae-a3c9-49dc-8c3b-2148e343d3ce
50aab532-4f3a-4920-8b64-434dc7e3288d,Sara Hogan,2052b601-6234-4e7e-8518-e7e97989e85c,94a2d563-8a72-4277-bd18-a88e92fe3bc9
307ae717-4f40-4be1-9a1b-354f2cbd302e,Michael Vazquez,235657ad-1e2b-4706-a727-321477d7196c,2052b601-6234-4e7e-8518-e7e97989e85c
5d8e991c-61e2-4d57-98d9-7e626739f1cb,Katelyn Patterson,48a4fd32-7782-4786-afa5-33f865427c80,d26b3a35-e4aa-4b01-9cbe-5047aaf4246a
2ce65475-1089-4145-8208-6de5bea8d02a,Jacob Gomez,e0962efb-82fc-4eb9-a3ab-e3f2f6977f46,5181cae0-a98c-4d03-bd67-24bbd3bee374
c3a1181f-c2d2-4b87-b8fe-1f85c5e9bb8b,Alison Hahn,cfff0c6d-f33f-4f9b-b6fe-347fd792dc12,1128d0cf-95a8-43ad-9bf1-093bb9447769
72b18b19-cfc7-429a-9c27-7da05828dec6,Christine Williams,d26b3a35-e4aa-4b01-9cbe-5047aaf4246a,48340b68-3373-4d32-98f7-acc01d7445a1
e230af6b-6031-4712-be93-82048fb645a6,Erin Anderson,75e0ba52-23f5-49ca-bb58-83f4066a7d25,75e0ba52-23f5-49ca-bb58-83f4066a7d25
33fd17b7-c7d5-4c07-9b89-466d0ca20565,Dr. Jennifer Serrano,39d8c78c-18ef-42d7-b185-dc5ab44a0439,19498413-8c33-4bd3-ac6a-1aab91c2da01
08e9c3c7-c653-4e88-8451-4759a0b0a5ae,Pamela Anderson,bfd0c62b-e289-4f85-9f02-720136931b75,99f97a2a-4ca6-4e90-87d7-cced00065508
2b8c184f-6dd1-4634-8277-c64e52e069f2,Audrey Ramirez,4f98550f-8bcc-4803-8d23-32bab1f6a3f6,c32ffec9-20cb-47d5-b9d9-b94624d5e46a
65cab987-6e8d-40ab-b510-fefd39ce7f36,Christopher Lam,de423d37-0ea6-4798-86b3-1290857737f1,19498413-8c33-4bd3-ac6a-1aab91c2da01
b5f5e73e-f902-4693-8f80-45add610ab26,Caleb Nguyen,39d8c78c-18ef-42d7-b185-dc5ab44a0439,b0c39dac-7fd0-48ad-8a28-5e87a9b24c8f
85f133ef-7064-4833-b7aa-626d006d1746,Nicole Henry,da57a617-622e-4a31-b659-fcb0342aac92,5a6dbbb6-5437-479b-a7d1-abed970b7f04
07b352c3-5316-45c6-9437-4b1cd3d82dfe,Tammy Mosley,9df5419e-88d0-44f3-8cd7-027e86c20957,75e0ba52-23f5-49ca-bb58-83f4066a7d25
b1044fcf-6671-4bf9-96e8-dcebdb8a6bc6,Kaylee Mccarthy,d2aedda9-212f-4616-abcd-ad63660da198,1840436e-d494-432a-bf03-df09cc8d961c
e3274968-f25e-4ab4-993e-c799e2fedae3,Gerald Sheppard,177ac18d-a78f-4ada-8344-9b19fc364536,b0c39dac-7fd0-48ad-8a28-5e87a9b24c8f
4b0ba7aa-d912-48fc-976f-e578f5f81b91,Maureen Gaines,1128d0cf-95a8-43ad-9bf1-093bb9447769,9df5419e-88d0-44f3-8cd7-027e86c20957
6c861cc5-46cb-43f2-8189-9e17bf839e2b,Jason Myers,b0c39dac-7fd0-48ad-8a28-5e87a9b24c8f,5a6dbbb6-5437-479b-a7d1-abed970b7f04
c1c4ff13-c99c-46a3-8d68-efb8c80048bd,Douglas Stanton,b7ead4ae-93d0-447a-b416-66e49404e116,75e0ba52-23f5-49ca-bb58-83f4066a7d25
e1ca180f-c005-4730-bc1e-f9897e63ea38,Nicholas Rivera,aeee9fcd-9f50-4cb5-a463-e8739eb37138,6fc4dfac-52d7-483b-adf9-1ee3327dbcca
9c2a47e3-13bf-4685-871b-a3c8fa51dee8,John Irwin,511e4f00-0118-4143-9cff-4ba82be0cedb,d26b3a35-e4aa-4b01-9cbe-5047aaf4246a
671c407f-67b9-4b70-a24f-2a0e75026d53,Darlene Morrison,511e4f00-0118-4143-9cff-4ba82be0cedb,3ccbbd30-65b1-429b-98fb-0a1ab4f2c065
04b6f0cb-9e55-4353-8e16-ab5de52585dc,Gerald Boyer,48a4fd32-7782-4786-afa5-33f865427c80,99f97a2a-4ca6-4e90-87d7-cced00065508
6946ce2d-1747-4b3f-a42b-5b12508b667d,Joanna Lewis,9df5419e-88d0-44f3-8cd7-027e86c20957,4ba1d58a-7415-45b1-b486-b38280192eb4
2a429617-026c-4d5a-bf4c-fd2271775b3e,Kristi Gomez,4a0c6738-1cb6-4a7b-8a3a-0a267629b5b4,3ccbbd30-65b1-429b-98fb-0a1ab4f2c065
d5c801a1-3628-43e0-b56e-2fbc142954b2,Joseph Armstrong,710b53cf-1f24-477a-8e55-111af9bcbb3c,364f42f9-8e5b-4ccb-8e7e-5291d9b086e6
2d7ac621-365b-4f61-88ff-7aaf7ab535cf,Christopher Miller,e0962efb-82fc-4eb9-a3ab-e3f2f6977f46,da57a617-622e-4a31-b659-fcb0342aac92
d77420b0-489e-4166-b6bc-0e311b88959e,Jessica Miller,94a2d563-8a72-4277-bd18-a88e92fe3bc9,b0c39dac-7fd0-48ad-8a28-5e87a9b24c8f
4727574c-36db-43db-802c-506f12f18d54,Cody Clarke,2052b601-6234-4e7e-8518-e7e97989e85c,39d8c78c-18ef-42d7-b185-dc5ab44a0439
5fabf0dc-c846-4b11-83de-96a3bb1770ac,Eduardo Carrillo,c32ffec9-20cb-47d5-b9d9-b94624d5e46a,710b53cf-1f24-477a-8e55-111af9bcbb3c
6ca2ee36-53f2-4bcb-a889-4d219b3e7a53,James Smith,da57a617-622e-4a31-b659-fcb0342aac92,2cbcb12a-f7f4-4314-8670-86cbdb265265
2aa86410-f913-4b4f-b963-3c77201514e7,Jessica Frank,4a0c6738-1cb6-4a7b-8a3a-0a267629b5b4,48a4fd32-7782-4786-afa5-33f865427c80
0bbd5be0-929d-4110-910c-8a35cb3d53b9,Erik Hoffman,2052b601-6234-4e7e-8518-e7e97989e85c,bfd0c62b-e289-4f85-9f02-720136931b75
d99f3ef8-e8be-42de-947d-5106715d352c,Robin Obrien,3ccbbd30-65b1-429b-98fb-0a1ab4f2c065,39d8c78c-18ef-42d7-b185-dc5ab44a0439
e0799ab9-1ff8-4752-ad98-e422ebf3d226,Anthony Barron,d26b3a35-e4aa-4b01-9cbe-5047aaf4246a,aeee9fcd-9f50-4cb5-a463-e8739eb37138
de98436a-5896-4e64-9250-2138c77924a9,Alex Edwards,48340b68-3373-4d32-98f7-acc01d7445a1,8803703f-a7ab-45d1-ab0b-ea4205ca2a2e
17d21bcd-ef7c-4640-ba3c-782d278d8152,Erica Romero,c32ffec9-20cb-47d5-b9d9-b94624d5e46a,0ef39266-9c75-49dc-8ea8-fe5a269f4abb
c2361ccb-174c-4355-89e4-16f39530c5c2,Breanna Frazier,cf8c20d6-d85d-4d28-855b-1d92667aebb6,cc37561e-5b34-4e41-99b1-76ffe52fe939
85167dae-1a00-49ac-9a19-6a2258924e30,Gary Moss,2cbcb12a-f7f4-4314-8670-86cbdb265265,94a2d563-8a72-4277-bd18-a88e92fe3bc9
005da9c0-0b57-4068-b3cc-bb0c645f60bc,Brian Hall,48a4fd32-7782-4786-afa5-33f865427c80,511e4f00-0118-4143-9cff-4ba82be0cedb
496a98a9-caaa-4b13-a74a-fb9806f5b4f5,Ryan Jackson,39d8c78c-18ef-42d7-b185-dc5ab44a0439,6fc4dfac-52d7-483b-adf9-1ee3327dbcca
784ba413-c9ae-49d6-aae6-5be788452b7e,Eric Frank,70a1f110-7c31-452d-b839-576917cba2de,710b53cf-1f24-477a-8e55-111af9bcbb3c
21c2fefd-e359-4df5-9e9e-5302d37e6bf2,Kristin Fernandez,338ab250-d86b-486e-802e-b45d9d25db46,aeee9fcd-9f50-4cb5-a463-e8739eb37138
a872f13d-1654-4db3-97d4-3d381e7d6976,Kevin Santiago,9f5732ae-a3c9-49dc-8c3b-2148e343d3ce,9df5419e-88d0-44f3-8cd7-027e86c20957
d08b4bee-64aa-4e09-ba27-8db590c68e85,Colleen Hernandez,99f97a2a-4ca6-4e90-87d7-cced00065508,48340b68-3373-4d32-98f7-acc01d7445a1
319c440c-3462-47f8-9ee8-62826f491e0c,Nichole Payne,19498413-8c33-4bd3-ac6a-1aab91c2da01,1128d0cf-95a8-43ad-9bf1-093bb9447769
62a2b69f-98ee-41fa-b873-c872f9f47f47,Jessica Barrett,2cbcb12a-f7f4-4314-8670-86cbdb265265,9f5732ae-a3c9-49dc-8c3b-2148e343d3ce
252b9cda-703d-4833-8888-6c626213001c,Dillon Pitts,710b53cf-1f24-477a-8e55-111af9bcbb3c,b7ead4ae-93d0-447a-b416-66e49404e116
9e707b52-cf22-44be-9c5f-513b205d79cf,Ashley Rowland,d26b3a35-e4aa-4b01-9cbe-5047aaf4246a,84e03489-d383-4dee-b2ec-f80d8f3f49c5
09391ba1-3faa-4112-b846-2fade87e516f,Anthony Nixon,5a6dbbb6-5437-479b-a7d1-abed970b7f04,b7ead4ae-93d0-447a-b416-66e49404e116
3e1c9204-be72-4445-baa5-2e60a7118c1f,Donald Anderson,8803703f-a7ab-45d1-ab0b-ea4205ca2a2e,5181cae0-a98c-4d03-bd67-24bbd3bee374
9996fa99-ec8d-4967-9af3-734205ae41e7,Timothy Pierce,aeee9fcd-9f50-4cb5-a463-e8739eb37138,9e16ae06-41c0-40e0-9b3e-669a511be1b9
f923f2fb-920d-481b-9156-92fb8570f2ad,Brian Walters,6fc4dfac-52d7-483b-adf9-1ee3327dbcca,bfd0c62b-e289-4f85-9f02-720136931b75
c0cca761-c28c-46a3-b9e4-63fff632c536,Christopher Wiggins,3ccbbd30-65b1-429b-98fb-0a1ab4f2c065,021e3aae-f4ff-45e9-8f10-28699a4cbcf9
bbce9f6c-0e57-4907-8c9f-4a1ba90c9077,Mr. Matthew Galloway,75e0ba52-23f5-49ca-bb58-83f4066a7d25,cf8c20d6-d85d-4d28-855b-1d92667aebb6
b649ee40-48f9-4dcb-865f-06aa1cd13343,Yvonne Grimes,338ab250-d86b-486e-802e-b45d9d25db46,740c49d4-61f0-4c42-99a5-dc912923b731
253c888c-0ccd-4436-a939-1b1c3b36e0a0,Debra Johnson,84e03489-d383-4dee-b2ec-f80d8f3f49c5,4a0c6738-1cb6-4a7b-8a3a-0a267629b5b4
c4a37a06-0665-4bdc-bb54-1497cd926e19,Debbie Alvarez,0ef39266-9c75-49dc-8ea8-fe5a269f4abb,4f98550f-8bcc-4803-8d23-32bab1f6a3f6
e56695eb-6d07-48bf-ac8c-c950d636fc1e,Thomas Sims,235657ad-1e2b-4706-a727-321477d7196c,bd4c3b8d-356e-4ad4-b8c2-750e632c02f7
69d3e3e0-7d27-4ccc-ad62-45f0782dca11,Kevin Sanders,4ba1d58a-7415-45b1-b486-b38280192eb4,b7ead4ae-93d0-447a-b416-66e49404e116
7dd80e3e-65ea-4cf1-a5ca-e69f2150df09,Lindsey Coleman,bfd0c62b-e289-4f85-9f02-720136931b75,2cbcb12a-f7f4-4314-8670-86cbdb265265
962ff690-2b41-445e-8d9f-12cf6d0ac08f,James Scott,2cbcb12a-f7f4-4314-8670-86cbdb265265,aeee9fcd-9f50-4cb5-a463-e8739eb37138
d1318f61-c4cf-4f47-b22b-eda40f7885a4,Brian Reyes,9f5732ae-a3c9-49dc-8c3b-2148e343d3ce,cf631c6f-6e98-42a7-848f-8974b6053089
04cc2a9b-36f2-4601-9ce6-64775372c130,Shannon Floyd,b0c39dac-7fd0-48ad-8a28-5e87a9b24c8f,f154746e-4926-47fb-9ee0-31d442557a2b
a984dd39-90a1-4db9-8407-758a91da130f,Kelly Sanchez,0ef39266-9c75-49dc-8ea8-fe5a269f4abb,511e4f00-0118-4143-9cff-4ba82be0cedb
4f2a0321-0e5c-48f0-8fa9-a821c8cfa0ab,Jeffrey Carlson,de423d37-0ea6-4798-86b3-1290857737f1,2cbcb12a-f7f4-4314-8670-86cbdb265265
bb5a539d-bb1c-4ef3-bc86-2678972e124c,Jennifer Pena,cf8c20d6-d85d-4d28-855b-1d92667aebb6,9f5732ae-a3c9-49dc-8c3b-2148e343d3ce
21b941f6-a018-4d77-af5b-6bb6c77d9ac6,Joseph Lane,5a6dbbb6-5437-479b-a7d1-abed970b7f04,bd4c3b8d-356e-4ad4-b8c2-750e632c02f7
d49e6082-56ea-4dac-8a39-7f59b38cd251,Diana King,bd4c3b8d-356e-4ad4-b8c2-750e632c02f7,cc37561e-5b34-4e41-99b1-76ffe52fe939
506ad46d-06fc-49ac-8215-a10afc67b31e,Jennifer Hernandez,5a6dbbb6-5437-479b-a7d1-abed970b7f04,da57a617-622e-4a31-b659-fcb0342aac92
d54adc8e-eb00-4e56-a0a1-57d15df5c21f,Kimberly Martinez,d2aedda9-212f-4616-abcd-ad63660da198,235657ad-1e2b-4706-a727-321477d7196c
25d03186-6094-4e08-9119-a69470b73d85,Robert Lewis,70a1f110-7c31-452d-b839-576917cba2de,d26b3a35-e4aa-4b01-9cbe-5047aaf4246a
9ae143ac-9cc1-4e47-b281-5336db161cf6,Melanie Hudson,cfff0c6d-f33f-4f9b-b6fe-347fd792dc12,6fc4dfac-52d7-483b-adf9-1ee3327dbcca
29d3357b-79cf-4cf4-bbae-bc7c65b56de0,Cynthia Hammond,0ef39266-9c75-49dc-8ea8-fe5a269f4abb,2cbcb12a-f7f4-4314-8670-86cbdb265265
93e9eb0e-1c4b-4fb2-93fe-1b9f0dad9fde,Richard Riggs,fc5eebf2-61bc-4b4b-9677-18854e0fadd7,94a2d563-8a72-4277-bd18-a88e92fe3bc9
02bd141e-0d82-4a58-80d6-19b335d50530,Sue Hale,aeee9fcd-9f50-4cb5-a463-e8739eb37138,b7ead4ae-93d0-447a-b416-66e49404e116
b61a0762-9bfe-4547-8e0d-a537d4ce0608,Arthur Lucas,cc37561e-5b34-4e41-99b1-76ffe52fe939,75e0ba52-23f5-49ca-bb58-83f4066a7d25
0fc9ca7f-a920-4f27-8713-5099ea88dab5,Andre Hull,4f98550f-8bcc-4803-8d23-32bab1f6a3f6,5181cae0-a98c-4d03-bd67-24bbd3bee374
918bfdc5-5c9d-4560-8d13-0a1020e0bacf,Courtney Roberts,2cbcb12a-f7f4-4314-8670-86cbdb265265,b7ead4ae-93d0-447a-b416-66e49404e116
88594cf9-c964-4039-9b9a-fadcbc9e4066,Donna Day,cf631c6f-6e98-42a7-848f-8974b6053089,338ab250-d86b-486e-802e-b45d9d25db46
8f8ead93-38ca-4313-b70c-2497d79c27ab,Jessica Torres,aeee9fcd-9f50-4cb5-a463-e8739eb37138,cf8c20d6-d85d-4d28-855b-1d92667aebb6
d5614bae-35be-41b4-ab86-e3a6f942a9f3,Tiffany Colon,021e3aae-f4ff-45e9-8f10-28699a4cbcf9,94a2d563-8a72-4277-bd18-a88e92fe3bc9
9f549b0c-a95f-4f61-8fde-15ec61b95500,Rebekah Olson,aeee9fcd-9f50-4cb5-a463-e8739eb37138,4ba1d58a-7415-45b1-b486-b38280192eb4
5ae8a424-2d2d-492a-8f3b-11f272d23fc9,Benjamin Randolph,2052b601-6234-4e7e-8518-e7e97989e85c,4a0c6738-1cb6-4a7b-8a3a-0a267629b5b4
ba1acbf3-a99d-47b0-bdef-ce55a0081e34,Steven Carter,fc5eebf2-61bc-4b4b-9677-18854e0fadd7,aeee9fcd-9f50-4cb5-a463-e8739eb37138
ad102ed9-f08e-43ad-8243-82ff1720d3e8,Jennifer Walker,4f98550f-8bcc-4803-8d23-32bab1f6a3f6,4ba1d58a-7415-45b1-b486-b38280192eb4
e4dfa89c-9da9-4970-b0bc-7ec8c81acc6e,Stephanie Miller,1128d0cf-95a8-43ad-9bf1-093bb9447769,39d8c78c-18ef-42d7-b185-dc5ab44a0439
79f94ab9-4625-4a0d-88a9-aa8f28042ad7,Melanie Ross,b7ead4ae-93d0-447a-b416-66e49404e116,4ba1d58a-7415-45b1-b486-b38280192eb4
00050718-1970-47cc-ac52-04a715727ec4,Brenda Wall,cf8c20d6-d85d-4d28-855b-1d92667aebb6,99f97a2a-4ca6-4e90-87d7-cced00065508
1a078b8d-24b1-4c91-9697-629f6168cff7,Stacy Sanchez,511e4f00-0118-4143-9cff-4ba82be0cedb,c32ffec9-20cb-47d5-b9d9-b94624d5e46a
3e2c0d38-24da-4af2-aa13-1fd1c81c025d,Tiffany Owens,d26b3a35-e4aa-4b01-9cbe-5047aaf4246a,bfd0c62b-e289-4f85-9f02-720136931b75
d192aa38-8a1f-426f-a391-a8ef15795d6b,Lisa Gibbs,5181cae0-a98c-4d03-bd67-24bbd3bee374,4a0c6738-1cb6-4a7b-8a3a-0a267629b5b4
c51ed9e8-1a3e-4c88-9d42-7abaccb1af06,Blake Schultz,4a0c6738-1cb6-4a7b-8a3a-0a267629b5b4,aeee9fcd-9f50-4cb5-a463-e8739eb37138
30bd8929-dd5c-4365-9075-d0e3601de733,Timothy Taylor,d2aedda9-212f-4616-abcd-ad63660da198,2cbcb12a-f7f4-4314-8670-86cbdb265265
6baee76b-de92-40f8-80c9-27c9fc631131,Michael Gutierrez,4f98550f-8bcc-4803-8d23-32bab1f6a3f6,9df5419e-88d0-44f3-8cd7-027e86c20957
eacefc6a-b86e-4543-bebd-9cd719b2fa4d,Chelsea Rodriguez,511e4f00-0118-4143-9cff-4ba82be0cedb,177ac18d-a78f-4ada-8344-9b19fc364536
3ea18736-9a11-4e15-b789-98e0322729e4,Thomas Castillo,94a2d563-8a72-4277-bd18-a88e92fe3bc9,9e16ae06-41c0-40e0-9b3e-669a511be1b9
2b093917-0b06-46a9-bd91-411383ec80b7,Martin Shaw,e0962efb-82fc-4eb9-a3ab-e3f2f6977f46,cc37561e-5b34-4e41-99b1-76ffe52fe939
7da4f7b6-f133-4081-8f52-8de59a839ca2,Christina Velasquez,710b53cf-1f24-477a-8e55-111af9bcbb3c,cc37561e-5b34-4e41-99b1-76ffe52fe939
96c6df83-2ee8-4818-8c86-914c8f7d305b,Jacqueline Rose,511e4f00-0118-4143-9cff-4ba82be0cedb,da57a617-622e-4a31-b659-fcb0342aac92
507dbed3-4082-44c3-ba10-64ce1f673630,Christopher Davis,1840436e-d494-432a-bf03-df09cc8d961c,4ba1d58a-7415-45b1-b486-b38280192eb4
5e93f4e3-c735-4bf3-af6b-09708ba3bc83,Teresa Anderson,cf8c20d6-d85d-4d28-855b-1d92667aebb6,1128d0cf-95a8-43ad-9bf1-093bb9447769
a56378c5-9f86-4ef3-a2d5-5351dfc46f20,Justin Flynn,2cbcb12a-f7f4-4314-8670-86cbdb265265,b0c39dac-7fd0-48ad-8a28-5e87a9b24c8f
8593a7cd-cfde-4c39-b3f3-b564142c878d,Emily Woods,3ccbbd30-65b1-429b-98fb-0a1ab4f2c065,48a4fd32-7782-4786-afa5-33f865427c80
b93a4e0c-e4b6-46a2-abe1-02b6d55b52a8,Tiffany Rodgers,f154746e-4926-47fb-9ee0-31d442557a2b,710b53cf-1f24-477a-8e55-111af9bcbb3c
9a131e0a-4bc1-4517-94d6-28c4a3137695,Justin Schmitt,5a6dbbb6-5437-479b-a7d1-abed970b7f04,da57a617-622e-4a31-b659-fcb0342aac92
b443d905-2403-4d8b-942b-28a98f3b44fc,Scott Morrow,5a6dbbb6-5437-479b-a7d1-abed970b7f04,364f42f9-8e5b-4ccb-8e7e-5291d9b086e6
d3299b27-35c9-4df6-baa1-11792b8a1b34,Tiffany Rogers,fc5eebf2-61bc-4b4b-9677-18854e0fadd7,de423d37-0ea6-4798-86b3-1290857737f1
e7a0e0a9-c03e-42a2-9748-c94e4cb11203,Nicole Jensen,4ba1d58a-7415-45b1-b486-b38280192eb4,bd4c3b8d-356e-4ad4-b8c2-750e632c02f7
c40c7738-f53f-4b69-90ff-98b936245bd9,Jill Johnson,3ccbbd30-65b1-429b-98fb-0a1ab4f2c065,d2aedda9-212f-4616-abcd-ad63660da198
eddd506e-157a-4458-8257-5912412d28b9,John Schmidt,2cbcb12a-f7f4-4314-8670-86cbdb265265,021e3aae-f4ff-45e9-8f10-28699a4cbcf9
ed0594bc-7021-4103-962a-7b3f575b50e0,Peter Ramirez,f154746e-4926-47fb-9ee0-31d442557a2b,1840436e-d494-432a-bf03-df09cc8d961c
8c8860f3-ae65-4ba9-9504-58f2aa5bcc0c,Kayla Lopez,511e4f00-0118-4143-9cff-4ba82be0cedb,5181cae0-a98c-4d03-bd67-24bbd3bee374
0144f791-33e1-42a1-bcd1-288d9fda64c2,Patricia Burton,8803703f-a7ab-45d1-ab0b-ea4205ca2a2e,740c49d4-61f0-4c42-99a5-dc912923b731
d47d5d54-4fcd-44e7-b5b9-7578072a0e70,Elizabeth Cannon,84e03489-d383-4dee-b2ec-f80d8f3f49c5,cf8c20d6-d85d-4d28-855b-1d92667aebb6
62655583-b521-4aef-b3d9-f2367cb6b93d,Donald Parker,da57a617-622e-4a31-b659-fcb0342aac92,bfd0c62b-e289-4f85-9f02-720136931b75
50fa4892-0c25-4597-aa82-6edc156e90eb,Amber Dudley,2cbcb12a-f7f4-4314-8670-86cbdb265265,740c49d4-61f0-4c42-99a5-dc912923b731
f59af9e9-030f-4ef1-b2de-5893d6303249,Greg Williams,f154746e-4926-47fb-9ee0-31d442557a2b,19498413-8c33-4bd3-ac6a-1aab91c2da01
7e2a0219-829d-467a-91bb-cb8a19d08721,Garrett Barton,48340b68-3373-4d32-98f7-acc01d7445a1,bfd0c62b-e289-4f85-9f02-720136931b75
352ab656-38d7-422a-988e-31fa6352f45a,Eric Mercado,b7ead4ae-93d0-447a-b416-66e49404e116,cc37561e-5b34-4e41-99b1-76ffe52fe939
533c190f-09c2-4d1f-a779-d356fb9f1af0,Angel Day,364f42f9-8e5b-4ccb-8e7e-5291d9b086e6,75e0ba52-23f5-49ca-bb58-83f4066a7d25
d87de807-a447-4f65-896e-0c08fc708d54,Shane Richardson,c32ffec9-20cb-47d5-b9d9-b94624d5e46a,4f98550f-8bcc-4803-8d23-32bab1f6a3f6
2756cde3-327e-4f75-b505-77be78fb3534,Sherry Lawson MD,021e3aae-f4ff-45e9-8f10-28699a4cbcf9,338ab250-d86b-486e-802e-b45d9d25db46
7a7d0634-e950-4f6e-8992-fd1b558349b1,Dennis Chandler PhD,9f5732ae-a3c9-49dc-8c3b-2148e343d3ce,740c49d4-61f0-4c42-99a5-dc912923b731
0b787fab-348f-480d-9a53-41e8cb53bf67,Gary Mcdonald,70a1f110-7c31-452d-b839-576917cba2de,4f98550f-8bcc-4803-8d23-32bab1f6a3f6
778ffb67-80f0-41a7-b019-745428ae8aaf,Ricky Smith,235657ad-1e2b-4706-a727-321477d7196c,da57a617-622e-4a31-b659-fcb0342aac92
e9e19057-3ba4-45c8-a3f2-044da3080643,Bryan Terrell,0ef39266-9c75-49dc-8ea8-fe5a269f4abb,8803703f-a7ab-45d1-ab0b-ea4205ca2a2e
95067d7c-92ba-4e67-b6de-f836603852fd,Charles Sutton,9f5732ae-a3c9-49dc-8c3b-2148e343d3ce,235657ad-1e2b-4706-a727-321477d7196c
63ad371b-a495-4ce3-a74d-1916e8e2474d,Samuel Stafford,84e03489-d383-4dee-b2ec-f80d8f3f49c5,4a0c6738-1cb6-4a7b-8a3a-0a267629b5b4
7b40dc3b-dca9-4949-9a11-3067d5a33b6d,Barbara Burton,9df5419e-88d0-44f3-8cd7-027e86c20957,511e4f00-0118-4143-9cff-4ba82be0cedb
40bbaa37-a95e-4e1d-b4b3-2a9af79e5cad,John Stark,8803703f-a7ab-45d1-ab0b-ea4205ca2a2e,cf8c20d6-d85d-4d28-855b-1d92667aebb6
0d34574f-5af7-4aa6-ac5e-8b6b518edcda,Adam Wilson,6fc4dfac-52d7-483b-adf9-1ee3327dbcca,4f98550f-8bcc-4803-8d23-32bab1f6a3f6
4bf16f80-c835-454e-835c-68c1c48ae7dd,Lori Lynch,6fc4dfac-52d7-483b-adf9-1ee3327dbcca,f154746e-4926-47fb-9ee0-31d442557a2b
13d41ca3-ec0d-49c3-94cf-eab90d6c6691,Kimberly Bell,48340b68-3373-4d32-98f7-acc01d7445a1,d26b3a35-e4aa-4b01-9cbe-5047aaf4246a
dd1d9ffb-5e77-4f06-8066-34ed79a640fc,Ronald Diaz,364f42f9-8e5b-4ccb-8e7e-5291d9b086e6,48a4fd32-7782-4786-afa5-33f865427c80
6208672c-a8b7-4250-b8d5-3137dd12b5ff,Anthony Mitchell,aeee9fcd-9f50-4cb5-a463-e8739eb37138,d26b3a35-e4aa-4b01-9cbe-5047aaf4246a
463513b1-3f68-49dc-87a9-18c428af94e9,Kiara Davis,6fc4dfac-52d7-483b-adf9-1ee3327dbcca,cf631c6f-6e98-42a7-848f-8974b6053089
63983f46-ad7e-4fdc-9b28-fa848c766d3c,Dawn Holt,cc37561e-5b34-4e41-99b1-76ffe52fe939,021e3aae-f4ff-45e9-8f10-28699a4cbcf9
7f794c96-143d-44cd-a790-b2c3e9aeddbb,Victoria Mendoza,9df5419e-88d0-44f3-8cd7-027e86c20957,bd4c3b8d-356e-4ad4-b8c2-750e632c02f7
51a4e0e8-6c4f-4de7-bc59-cc7caab8a5f4,Julie Owens,6fc4dfac-52d7-483b-adf9-1ee3327dbcca,bfd0c62b-e289-4f85-9f02-720136931b75
625ee75d-21f0-478a-9af9-e32ad7f4dba3,Michael Wright,235657ad-1e2b-4706-a727-321477d7196c,740c49d4-61f0-4c42-99a5-dc912923b731
085d1194-48b1-4980-828e-6c1cc110f87b,Misty Evans,5a6dbbb6-5437-479b-a7d1-abed970b7f04,48340b68-3373-4d32-98f7-acc01d7445a1
675759d8-f2da-4b0b-b5a4-0f8b074273be,Sarah Vega,177ac18d-a78f-4ada-8344-9b19fc364536,4f98550f-8bcc-4803-8d23-32bab1f6a3f6
bc5b8cf6-8b4e-425f-8b27-16bffbd0acd7,John Lewis,0ef39266-9c75-49dc-8ea8-fe5a269f4abb,740c49d4-61f0-4c42-99a5-dc912923b731
2388be83-cce2-4d00-8fef-ec154be72086,Adrian Dominguez,99f97a2a-4ca6-4e90-87d7-cced00065508,cf8c20d6-d85d-4d28-855b-1d92667aebb6
e89750ce-fde3-4f91-a848-5c727817fe65,Luis Smith,cf8c20d6-d85d-4d28-855b-1d92667aebb6,9f5732ae-a3c9-49dc-8c3b-2148e343d3ce
806925c0-6847-4c57-9da1-45bdea709316,Carolyn Smith,75e0ba52-23f5-49ca-bb58-83f4066a7d25,338ab250-d86b-486e-802e-b45d9d25db46
ddc95f5d-8195-4c61-ba30-eeeefba8a368,Nathan Moody,235657ad-1e2b-4706-a727-321477d7196c,1128d0cf-95a8-43ad-9bf1-093bb9447769
3f10ee6c-65eb-40ad-98d3-6fd4aca0ed1f,Jeffrey Ellison,710b53cf-1f24-477a-8e55-111af9bcbb3c,4a0c6738-1cb6-4a7b-8a3a-0a267629b5b4
9cb3d29e-dc57-44e4-9745-9be2a821807c,Nathaniel Medina,de423d37-0ea6-4798-86b3-1290857737f1,bfd0c62b-e289-4f85-9f02-720136931b75
3f06ddd4-d08e-4fbd-9ee0-91c0c0c12b14,Amanda Vasquez,9e16ae06-41c0-40e0-9b3e-669a511be1b9,4a0c6738-1cb6-4a7b-8a3a-0a267629b5b4
e1e0dd5f-41ad-4af4-b390-1844d83af6e3,Emily Perry,39d8c78c-18ef-42d7-b185-dc5ab44a0439,19498413-8c33-4bd3-ac6a-1aab91c2da01
aedcd5db-4338-4c15-bae6-cd71b84bc65a,Lisa Wilson,cf8c20d6-d85d-4d28-855b-1d92667aebb6,19498413-8c33-4bd3-ac6a-1aab91c2da01
454eb3df-ce44-477c-ad5a-4ebb009497b0,Barbara Delgado,235657ad-1e2b-4706-a727-321477d7196c,19498413-8c33-4bd3-ac6a-1aab91c2da01
2e8933de-5b0f-47ec-9f3e-084dc5e8e644,Mark Escobar,6fc4dfac-52d7-483b-adf9-1ee3327dbcca,021e3aae-f4ff-45e9-8f10-28699a4cbcf9
e07cdee1-d28f-426a-94ac-1d075986bce2,Karen Ellison,364f42f9-8e5b-4ccb-8e7e-5291d9b086e6,84e03489-d383-4dee-b2ec-f80d8f3f49c5
8d281bd4-dfde-41b1-bc5c-af92284b0030,Dustin Little,e0962efb-82fc-4eb9-a3ab-e3f2f6977f46,48340b68-3373-4d32-98f7-acc01d7445a1
7a2513f2-506b-4b9b-abb4-1d780c673619,Kimberly Williams,e0962efb-82fc-4eb9-a3ab-e3f2f6977f46,710b53cf-1f24-477a-8e55-111af9bcbb3c
505c44f3-16c4-42c3-9eaa-dc6f5da4e2c6,Jeremy Smith,364f42f9-8e5b-4ccb-8e7e-5291d9b086e6,fc5eebf2-61bc-4b4b-9677-18854e0fadd7
a27cd34a-413a-4823-a94f-6b674db29bab,Jeremy Gonzales,1128d0cf-95a8-43ad-9bf1-093bb9447769,aeee9fcd-9f50-4cb5-a463-e8739eb37138
fdb42c3d-9d04-48a1-bc3c-dfca07188877,Malik Jackson,70a1f110-7c31-452d-b839-576917cba2de,9f5732ae-a3c9-49dc-8c3b-2148e343d3ce
07918cbd-5da4-4c56-8862-7e46cb1cc4b0,Joe Graham,4ba1d58a-7415-45b1-b486-b38280192eb4,1128d0cf-95a8-43ad-9bf1-093bb9447769
bbe4e688-0488-433f-80b4-2a694c610f75,Jeremy Rogers,70a1f110-7c31-452d-b839-576917cba2de,4a0c6738-1cb6-4a7b-8a3a-0a267629b5b4
5d66a29f-8212-4732-a7c9-336456134b9b,Rachel Li,f154746e-4926-47fb-9ee0-31d442557a2b,021e3aae-f4ff-45e9-8f10-28699a4cbcf9
12295f0a-18f7-40c1-b2e7-815fbd8b355a,Kevin Joseph PhD,d2aedda9-212f-4616-abcd-ad63660da198,b7ead4ae-93d0-447a-b416-66e49404e116
79b5ac60-28e8-49fd-b4a2-14ac97f261b8,Matthew Bridges,4ba1d58a-7415-45b1-b486-b38280192eb4,d26b3a35-e4aa-4b01-9cbe-5047aaf4246a
c93e1228-97cb-4ed0-8bea-9fcc1295cfb9,Kathy Hughes,99f97a2a-4ca6-4e90-87d7-cced00065508,b7ead4ae-93d0-447a-b416-66e49404e116
24a8101d-35b2-4f2f-a6cc-8189873df965,Laura Williams,235657ad-1e2b-4706-a727-321477d7196c,94a2d563-8a72-4277-bd18-a88e92fe3bc9
d182c6fe-2d8c-4a21-8bbd-762ac92e3996,Kara Gonzales,48340b68-3373-4d32-98f7-acc01d7445a1,bfd0c62b-e289-4f85-9f02-720136931b75
3a94e66c-404f-410d-b647-46726c07981b,Stephanie Jacobs,2052b601-6234-4e7e-8518-e7e97989e85c,d26b3a35-e4aa-4b01-9cbe-5047aaf4246a
ffc80f89-673c-47f6-8311-14094efeaeb0,John Powell,48a4fd32-7782-4786-afa5-33f865427c80,e0962efb-82fc-4eb9-a3ab-e3f2f6977f46
af82d8f3-4f32-41ab-b650-ee03ad817835,John Nelson,bfd0c62b-e289-4f85-9f02-720136931b75,39d8c78c-18ef-42d7-b185-dc5ab44a0439
d6ce6ff8-7ee8-466c-af13-832677ab9a8c,John Hobbs,5181cae0-a98c-4d03-bd67-24bbd3bee374,177ac18d-a78f-4ada-8344-9b19fc364536
2a588a82-23d5-48b4-bf37-db4aed3ffafd,Belinda Oconnor MD,94a2d563-8a72-4277-bd18-a88e92fe3bc9,48340b68-3373-4d32-98f7-acc01d7445a1
2dcdc25f-325f-4941-91a2-deb6d50c83bf,Stephanie Holt,aeee9fcd-9f50-4cb5-a463-e8739eb37138,4a0c6738-1cb6-4a7b-8a3a-0a267629b5b4
9f8709af-da65-46f9-8226-bd2a48c23182,Brandon Walker,021e3aae-f4ff-45e9-8f10-28699a4cbcf9,4a0c6738-1cb6-4a7b-8a3a-0a267629b5b4
abf34486-eb9f-4fbc-a636-71388c3decf1,Nichole Baldwin,d26b3a35-e4aa-4b01-9cbe-5047aaf4246a,364f42f9-8e5b-4ccb-8e7e-5291d9b086e6
e03d6931-24da-4307-9249-e7d1db86534e,Shawn Mitchell,364f42f9-8e5b-4ccb-8e7e-5291d9b086e6,4ba1d58a-7415-45b1-b486-b38280192eb4
58c422f0-7638-42a4-9863-1a8fcebb6df3,Candace Hunter,99f97a2a-4ca6-4e90-87d7-cced00065508,84e03489-d383-4dee-b2ec-f80d8f3f49c5
632d3d1d-b625-4b5c-ace6-0d398ccfb07b,Kevin Watson,bfd0c62b-e289-4f85-9f02-720136931b75,75e0ba52-23f5-49ca-bb58-83f4066a7d25
2aa212e4-c711-457a-9baa-39b868f4982e,Christopher Wilson,177ac18d-a78f-4ada-8344-9b19fc364536,39d8c78c-18ef-42d7-b185-dc5ab44a0439
67394c3d-d788-48c4-ad7b-3e164a273957,Samantha Allen,75e0ba52-23f5-49ca-bb58-83f4066a7d25,710b53cf-1f24-477a-8e55-111af9bcbb3c
3c1a17fe-d618-4e6d-8c5c-39d83b4da9e9,Brian Dickerson,2052b601-6234-4e7e-8518-e7e97989e85c,99f97a2a-4ca6-4e90-87d7-cced00065508
61070ca1-e735-4fdd-8b16-0f632ef9b0af,Jamie Garcia,99f97a2a-4ca6-4e90-87d7-cced00065508,740c49d4-61f0-4c42-99a5-dc912923b731
88d5a334-b88c-4bdc-ac63-77c4dc4553a4,Tonya Webb,c32ffec9-20cb-47d5-b9d9-b94624d5e46a,48340b68-3373-4d32-98f7-acc01d7445a1
2a21c30c-43a2-4f01-9b58-de40f6ae7afb,Kayla Cox,b0c39dac-7fd0-48ad-8a28-5e87a9b24c8f,48a4fd32-7782-4786-afa5-33f865427c80
42eb8d99-a141-4d67-ae95-5db88797590e,Aaron Thomas,d2aedda9-212f-4616-abcd-ad63660da198,cf631c6f-6e98-42a7-848f-8974b6053089
2e4b7088-5bd3-43c8-b1c6-cf9d33d1aa1c,Erica Kemp,021e3aae-f4ff-45e9-8f10-28699a4cbcf9,6fc4dfac-52d7-483b-adf9-1ee3327dbcca
eb79c4e8-461a-46eb-8e78-bc77dd9f92ad,Yvonne Anderson,aeee9fcd-9f50-4cb5-a463-e8739eb37138,177ac18d-a78f-4ada-8344-9b19fc364536
2eee4373-1de1-4376-ae6f-a426dd69e471,Kristen Jones,cfff0c6d-f33f-4f9b-b6fe-347fd792dc12,39d8c78c-18ef-42d7-b185-dc5ab44a0439
c86302fd-0742-45d8-999b-549021920609,Elizabeth Greene,cc37561e-5b34-4e41-99b1-76ffe52fe939,5181cae0-a98c-4d03-bd67-24bbd3bee374
54710732-618f-4afb-9a51-0527be2ae2d1,Patricia Long,1840436e-d494-432a-bf03-df09cc8d961c,0ef39266-9c75-49dc-8ea8-fe5a269f4abb
5070de5c-50e0-4d6e-8527-9462971de040,Timothy Williams,235657ad-1e2b-4706-a727-321477d7196c,3ccbbd30-65b1-429b-98fb-0a1ab4f2c065
4c5f609c-f227-40f7-b1c5-07ac3d68bee4,Wayne Price,b7ead4ae-93d0-447a-b416-66e49404e116,99f97a2a-4ca6-4e90-87d7-cced00065508
05134442-2b58-4a60-824e-7d3310cd16cf,Teresa Kane,9df5419e-88d0-44f3-8cd7-027e86c20957,1128d0cf-95a8-43ad-9bf1-093bb9447769
fc1d7d94-36c4-45d6-bbff-eb16515bd074,Sandra Russell,aeee9fcd-9f50-4cb5-a463-e8739eb37138,710b53cf-1f24-477a-8e55-111af9bcbb3c
4283d18b-38d5-4a39-a312-c88cf3aaea9e,Norma Brown,b7ead4ae-93d0-447a-b416-66e49404e116,1840436e-d494-432a-bf03-df09cc8d961c
d708e670-cbb8-41b1-8568-d3dcc7ed37d6,Elizabeth Lewis,48340b68-3373-4d32-98f7-acc01d7445a1,b0c39dac-7fd0-48ad-8a28-5e87a9b24c8f
89ff60f8-5830-45a2-9d1a-19b248873c31,Crystal Jones,cf8c20d6-d85d-4d28-855b-1d92667aebb6,5a6dbbb6-5437-479b-a7d1-abed970b7f04
f6eee23b-9d9b-4fd8-9e3c-ba48a283e434,Jermaine Scott,235657ad-1e2b-4706-a727-321477d7196c,177ac18d-a78f-4ada-8344-9b19fc364536
8dce91f4-d19f-489b-a9ae-ddb7f886534c,Christine Williams,f154746e-4926-47fb-9ee0-31d442557a2b,75e0ba52-23f5-49ca-bb58-83f4066a7d25
71f386ca-ef2d-452f-8b76-311bf70f6d7e,Shannon Aguilar,cf8c20d6-d85d-4d28-855b-1d92667aebb6,70a1f110-7c31-452d-b839-576917cba2de
2cb3b24c-dccc-4774-9228-bfb2965c978b,Mary Wilkerson,6fc4dfac-52d7-483b-adf9-1ee3327dbcca,5181cae0-a98c-4d03-bd67-24bbd3bee374
7e74b106-5ee0-4e0c-9e42-26cebc85d1bb,Gary Schultz,1840436e-d494-432a-bf03-df09cc8d961c,cc37561e-5b34-4e41-99b1-76ffe52fe939
fa09b0f4-7895-458c-9091-cb21be0c9ec8,Keith Lee,c32ffec9-20cb-47d5-b9d9-b94624d5e46a,177ac18d-a78f-4ada-8344-9b19fc364536
68e31826-f03e-4672-89f8-85e210448352,Jessica Michael,710b53cf-1f24-477a-8e55-111af9bcbb3c,710b53cf-1f24-477a-8e55-111af9bcbb3c
b9a96f47-7670-459f-82b8-a5af8fac6435,Nicole Dixon,99f97a2a-4ca6-4e90-87d7-cced00065508,94a2d563-8a72-4277-bd18-a88e92fe3bc9
b588edd2-9a0a-4ab3-8940-42fae87e5d67,Cynthia Ross,e0962efb-82fc-4eb9-a3ab-e3f2f6977f46,fc5eebf2-61bc-4b4b-9677-18854e0fadd7
a855a26e-5c31-4f71-b517-1303a6cc441d,Sara Smith,364f42f9-8e5b-4ccb-8e7e-5291d9b086e6,3ccbbd30-65b1-429b-98fb-0a1ab4f2c065
529390b4-6dab-40ad-bcc3-b5d8e78bd470,Janet Beck,cc37561e-5b34-4e41-99b1-76ffe52fe939,5181cae0-a98c-4d03-bd67-24bbd3bee374
4178e50d-90aa-4515-b114-b1994d1779e6,Marissa Mcguire,9e16ae06-41c0-40e0-9b3e-669a511be1b9,d26b3a35-e4aa-4b01-9cbe-5047aaf4246a
a92e5066-3e98-4989-83a9-a10c6e32db2a,Dr. Caitlin Nolan,70a1f110-7c31-452d-b839-576917cba2de,5a6dbbb6-5437-479b-a7d1-abed970b7f04
890fb498-f385-400f-b148-7b345de6c09d,Jessica Bailey,b0c39dac-7fd0-48ad-8a28-5e87a9b24c8f,235657ad-1e2b-4706-a727-321477d7196c
f5acb6a2-ee70-4628-bec1-a0395bd0ef63,Andrew Rodriguez,8803703f-a7ab-45d1-ab0b-ea4205ca2a2e,9f5732ae-a3c9-49dc-8c3b-2148e343d3ce
8a7f3908-1e6d-44d0-b3c6-08122d8f7939,Teresa Brown,5a6dbbb6-5437-479b-a7d1-abed970b7f04,48a4fd32-7782-4786-afa5-33f865427c80
770f3af5-6058-4bc7-8635-2959cfe4760b,Cynthia Beltran,b0c39dac-7fd0-48ad-8a28-5e87a9b24c8f,2cbcb12a-f7f4-4314-8670-86cbdb265265
c378d1b4-4c35-4308-8608-d25e931d8e7c,Pamela Davis,19498413-8c33-4bd3-ac6a-1aab91c2da01,19498413-8c33-4bd3-ac6a-1aab91c2da01
192733da-2cbc-465f-9713-bdddbc151ea5,Earl Hodge,cf8c20d6-d85d-4d28-855b-1d92667aebb6,75e0ba52-23f5-49ca-bb58-83f4066a7d25
acb5831e-f329-431f-9968-d23dfb6efd19,Ray Lindsey,99f97a2a-4ca6-4e90-87d7-cced00065508,0ef39266-9c75-49dc-8ea8-fe5a269f4abb
f3a45c8d-1dab-4006-8508-2345cd273636,Janet Stephens,2cbcb12a-f7f4-4314-8670-86cbdb265265,cf631c6f-6e98-42a7-848f-8974b6053089
e72563ff-bdf6-495a-ae80-53901f721f9e,Edward Perry,338ab250-d86b-486e-802e-b45d9d25db46,338ab250-d86b-486e-802e-b45d9d25db46
f53bf04f-b094-471f-987b-dcefff9ccf88,Michael White,99f97a2a-4ca6-4e90-87d7-cced00065508,99f97a2a-4ca6-4e90-87d7-cced00065508
b3167d00-62ac-4648-89a2-32919c0a6621,James Jackson,d26b3a35-e4aa-4b01-9cbe-5047aaf4246a,511e4f00-0118-4143-9cff-4ba82be0cedb
cc0246c2-e185-4c27-b273-7cd59c5ab444,Justin Anderson,9f5732ae-a3c9-49dc-8c3b-2148e343d3ce,b7ead4ae-93d0-447a-b416-66e49404e116
43324e21-ed12-4d4c-9725-cfa6f9c94335,Sara Schneider,2cbcb12a-f7f4-4314-8670-86cbdb265265,6fc4dfac-52d7-483b-adf9-1ee3327dbcca
f7094414-0b2d-47e5-856e-81742e188bba,Mary Baldwin,021e3aae-f4ff-45e9-8f10-28699a4cbcf9,9f5732ae-a3c9-49dc-8c3b-2148e343d3ce
e205d7b3-bece-4a17-b4fc-5038a51fce49,Teresa Baker,710b53cf-1f24-477a-8e55-111af9bcbb3c,6fc4dfac-52d7-483b-adf9-1ee3327dbcca
6d9ac7e1-eac7-4047-95cc-d110cfd6a45d,Randy Jones,2052b601-6234-4e7e-8518-e7e97989e85c,0ef39266-9c75-49dc-8ea8-fe5a269f4abb
64589e9a-9d43-4d4d-912d-1a8d1ba60479,Michelle Rhodes,cf631c6f-6e98-42a7-848f-8974b6053089,9df5419e-88d0-44f3-8cd7-027e86c20957
2d8ccc54-6e80-4089-8316-19677a8aaf69,Michael Price,75e0ba52-23f5-49ca-bb58-83f4066a7d25,6fc4dfac-52d7-483b-adf9-1ee3327dbcca
6f0ed9c3-9f3f-4089-9eb5-6882d669ecc2,Ronald Perez,9df5419e-88d0-44f3-8cd7-027e86c20957,4a0c6738-1cb6-4a7b-8a3a-0a267629b5b4
55cb1d41-0abd-4a26-acd9-3928437b5a1c,Sean Newman,aeee9fcd-9f50-4cb5-a463-e8739eb37138,5a6dbbb6-5437-479b-a7d1-abed970b7f04
f1a06ceb-dae3-4e0f-86b9-e77ae26633eb,Steven Allen,0ef39266-9c75-49dc-8ea8-fe5a269f4abb,d26b3a35-e4aa-4b01-9cbe-5047aaf4246a
f495bc87-5bcc-472a-bec7-4ed702e949d4,Jeffrey Lutz,1840436e-d494-432a-bf03-df09cc8d961c,710b53cf-1f24-477a-8e55-111af9bcbb3c
116a7fbd-d5a5-4427-be6e-5864a23550be,Mary Cook,5a6dbbb6-5437-479b-a7d1-abed970b7f04,e0962efb-82fc-4eb9-a3ab-e3f2f6977f46
b0ef421e-3e01-4182-8ff0-9ba2fb455b89,Jackie Smith,740c49d4-61f0-4c42-99a5-dc912923b731,5181cae0-a98c-4d03-bd67-24bbd3bee374
201f4c38-a415-412f-bad7-47b09cad0c44,Tyler Mcgee,94a2d563-8a72-4277-bd18-a88e92fe3bc9,cc37561e-5b34-4e41-99b1-76ffe52fe939
b02fc835-9b28-4230-82c0-fcbf762b2214,Sarah Watson,1128d0cf-95a8-43ad-9bf1-093bb9447769,84e03489-d383-4dee-b2ec-f80d8f3f49c5
5a87687b-a987-4280-8edb-846a27a2e4a6,Renee Jenkins,1128d0cf-95a8-43ad-9bf1-093bb9447769,021e3aae-f4ff-45e9-8f10-28699a4cbcf9
b254f425-ccb4-4d04-a1b2-2f60ef123093,Maria Chen,e0962efb-82fc-4eb9-a3ab-e3f2f6977f46,fc5eebf2-61bc-4b4b-9677-18854e0fadd7
b78a1630-eb64-487e-a52e-e2e54f36ada6,Nicole Jimenez,84e03489-d383-4dee-b2ec-f80d8f3f49c5,9df5419e-88d0-44f3-8cd7-027e86c20957
1d66fbd7-e3ab-434b-8862-c7184b996c3c,Kristina Cameron,cf631c6f-6e98-42a7-848f-8974b6053089,4f98550f-8bcc-4803-8d23-32bab1f6a3f6
379c3b5f-3a5a-413f-8f67-444382d9dab4,Tracy Harrison,5a6dbbb6-5437-479b-a7d1-abed970b7f04,b7ead4ae-93d0-447a-b416-66e49404e116
79b936fd-d07a-4bfa-9b70-17c658d393bd,Kristen Thomas,94a2d563-8a72-4277-bd18-a88e92fe3bc9,2052b601-6234-4e7e-8518-e7e97989e85c
dd29e95d-bed4-4413-9b9a-a4b51b4f2671,Christian Hughes,39d8c78c-18ef-42d7-b185-dc5ab44a0439,710b53cf-1f24-477a-8e55-111af9bcbb3c
5554ac48-69c6-44e7-a4c7-2923d9706e0c,John Mercado,bd4c3b8d-356e-4ad4-b8c2-750e632c02f7,fc5eebf2-61bc-4b4b-9677-18854e0fadd7
be389ab3-e809-48d1-a93b-c0107f33761e,Dustin Schaefer,177ac18d-a78f-4ada-8344-9b19fc364536,235657ad-1e2b-4706-a727-321477d7196c
aac412fc-c8da-4f34-9810-103d0fd02f8d,Sara Fuller,99f97a2a-4ca6-4e90-87d7-cced00065508,b7ead4ae-93d0-447a-b416-66e49404e116
82186641-4529-4f9b-9f06-fe9bcd679364,Michael Smith,39d8c78c-18ef-42d7-b185-dc5ab44a0439,cfff0c6d-f33f-4f9b-b6fe-347fd792dc12
44ad2d6b-e2f9-491e-95a1-9f4061f3b299,Robert Young,75e0ba52-23f5-49ca-bb58-83f4066a7d25,aeee9fcd-9f50-4cb5-a463-e8739eb37138
7e85d972-e41d-41e5-802d-a33deecd2043,Andrew Howe,48a4fd32-7782-4786-afa5-33f865427c80,364f42f9-8e5b-4ccb-8e7e-5291d9b086e6
0273c0b2-3aac-414a-aa31-bfc7c32da0ce,Robert Wise,235657ad-1e2b-4706-a727-321477d7196c,48340b68-3373-4d32-98f7-acc01d7445a1
86259d96-5475-40b9-bf7d-94e5ceb43dcb,Dr. Michael Allen,bfd0c62b-e289-4f85-9f02-720136931b75,364f42f9-8e5b-4ccb-8e7e-5291d9b086e6
7d9368e2-f854-43a2-8420-2179ff56848a,Steven May,84e03489-d383-4dee-b2ec-f80d8f3f49c5,9e16ae06-41c0-40e0-9b3e-669a511be1b9
16bf5f14-f170-44e6-8f01-348e82f6c7d9,James Sellers,338ab250-d86b-486e-802e-b45d9d25db46,48a4fd32-7782-4786-afa5-33f865427c80
03f6d9f2-f387-4883-b457-95c915a51108,Wendy Murphy,8803703f-a7ab-45d1-ab0b-ea4205ca2a2e,5a6dbbb6-5437-479b-a7d1-abed970b7f04
f68d0451-d04a-486f-ba9f-131ec54b97a9,Casey Kelly,177ac18d-a78f-4ada-8344-9b19fc364536,5181cae0-a98c-4d03-bd67-24bbd3bee374
b9dd6b30-0f59-4bd1-976c-21693e6ab23a,Susan Owens,0ef39266-9c75-49dc-8ea8-fe5a269f4abb,48a4fd32-7782-4786-afa5-33f865427c80
2615b575-ce71-4ea5-acb7-8eac53f4df4e,Brandon Garrett,3ccbbd30-65b1-429b-98fb-0a1ab4f2c065,b0c39dac-7fd0-48ad-8a28-5e87a9b24c8f
856ae1d2-a5cf-4d25-8fb1-a19ec896c199,Jodi Sandoval,2cbcb12a-f7f4-4314-8670-86cbdb265265,0ef39266-9c75-49dc-8ea8-fe5a269f4abb
2b3cda43-1b3e-4119-ade1-4319db82713a,Brittany Wallace,bd4c3b8d-356e-4ad4-b8c2-750e632c02f7,1840436e-d494-432a-bf03-df09cc8d961c
49d8b4c6-5087-4130-8e73-320b91da2358,Brenda Cuevas,0ef39266-9c75-49dc-8ea8-fe5a269f4abb,d26b3a35-e4aa-4b01-9cbe-5047aaf4246a
6f6a496a-10f6-4cb7-9926-5390b8babcaa,Douglas Wolfe,5a6dbbb6-5437-479b-a7d1-abed970b7f04,710b53cf-1f24-477a-8e55-111af9bcbb3c
b4ddced5-3168-4c28-b4ae-f5b721849104,Joshua Martinez,39d8c78c-18ef-42d7-b185-dc5ab44a0439,338ab250-d86b-486e-802e-b45d9d25db46
70dd7373-14ed-4570-ba9a-4ba2280d73f2,Melissa Hill,48a4fd32-7782-4786-afa5-33f865427c80,2cbcb12a-f7f4-4314-8670-86cbdb265265
93bc9a95-6d44-4a73-8354-11ba27a5d45b,Reginald Valdez,1128d0cf-95a8-43ad-9bf1-093bb9447769,f154746e-4926-47fb-9ee0-31d442557a2b
f4e209b0-2ace-48c2-bdef-54e864b6db52,Abigail Morrison,cf631c6f-6e98-42a7-848f-8974b6053089,4f98550f-8bcc-4803-8d23-32bab1f6a3f6
c6f35dc3-bc00-491d-994f-c76ef1360a85,Cassandra Coleman,75e0ba52-23f5-49ca-bb58-83f4066a7d25,39d8c78c-18ef-42d7-b185-dc5ab44a0439
f05c916c-a7ba-43b4-ac39-4727b5d44cd3,Justin Walker,19498413-8c33-4bd3-ac6a-1aab91c2da01,70a1f110-7c31-452d-b839-576917cba2de
824668b2-267b-48ec-91cc-84fc81c6c51b,Robin Brown,9e16ae06-41c0-40e0-9b3e-669a511be1b9,39d8c78c-18ef-42d7-b185-dc5ab44a0439
05e0c8e3-f5ca-4516-ac11-a1e38df8eda0,Sarah Peters,364f42f9-8e5b-4ccb-8e7e-5291d9b086e6,5a6dbbb6-5437-479b-a7d1-abed970b7f04
931775d0-4999-4887-827e-dcbbfa352280,Tiffany Webb,d2aedda9-212f-4616-abcd-ad63660da198,da57a617-622e-4a31-b659-fcb0342aac92
50bb1754-b3c8-4571-9ed9-f01af50bb391,Mark Phelps,2052b601-6234-4e7e-8518-e7e97989e85c,84e03489-d383-4dee-b2ec-f80d8f3f49c5
38de3f84-2998-430f-b505-b8eae20da025,Jeffrey Solis,740c49d4-61f0-4c42-99a5-dc912923b731,9df5419e-88d0-44f3-8cd7-027e86c20957
29eb0120-ca0b-4e7c-839b-a267c0ba7b12,Kathy Reid,8803703f-a7ab-45d1-ab0b-ea4205ca2a2e,0ef39266-9c75-49dc-8ea8-fe5a269f4abb
87a91932-58fc-4a02-ae14-096cc5526a27,Stephanie Warren,4a0c6738-1cb6-4a7b-8a3a-0a267629b5b4,84e03489-d383-4dee-b2ec-f80d8f3f49c5
5549aec4-92d4-4da1-b6a5-2e61d0dcd9bd,Kimberly Webb,b0c39dac-7fd0-48ad-8a28-5e87a9b24c8f,4ba1d58a-7415-45b1-b486-b38280192eb4
df1a801b-72f5-436f-82b0-17ca4658a8f7,Jose Pham,48340b68-3373-4d32-98f7-acc01d7445a1,b7ead4ae-93d0-447a-b416-66e49404e116
a85d836d-c20d-4d52-9bf7-8def849940ed,Maria Conrad,de423d37-0ea6-4798-86b3-1290857737f1,710b53cf-1f24-477a-8e55-111af9bcbb3c
30fc7136-4a6b-4bdf-a09f-bac1e3fdef5e,Anna Craig,6fc4dfac-52d7-483b-adf9-1ee3327dbcca,9e16ae06-41c0-40e0-9b3e-669a511be1b9
db8177fd-afa7-475e-92d7-0c6cddb2f5e5,Raymond Farrell,4ba1d58a-7415-45b1-b486-b38280192eb4,4f98550f-8bcc-4803-8d23-32bab1f6a3f6
aecf1997-351c-4802-9c4c-71aa3dd3e78d,Jason Holmes,bd4c3b8d-356e-4ad4-b8c2-750e632c02f7,5181cae0-a98c-4d03-bd67-24bbd3bee374
a89ca324-e495-427a-8187-52e037c3f21d,Anna Garcia,d2aedda9-212f-4616-abcd-ad63660da198,f154746e-4926-47fb-9ee0-31d442557a2b
b9668bd1-87e0-49c5-a128-0d8a3ddb5ea2,Kim Wright,740c49d4-61f0-4c42-99a5-dc912923b731,da57a617-622e-4a31-b659-fcb0342aac92
baf7b25b-3cb1-4a3d-ae8d-4045b8f9b865,Dr. Deborah Burke,3ccbbd30-65b1-429b-98fb-0a1ab4f2c065,cf631c6f-6e98-42a7-848f-8974b6053089
3beb1149-5a3e-4983-b6d2-dc2270d9f89c,Joseph Bennett,aeee9fcd-9f50-4cb5-a463-e8739eb37138,75e0ba52-23f5-49ca-bb58-83f4066a7d25
921ca775-fbcc-4129-b807-1c301ea47ab9,Jacob Gaines,84e03489-d383-4dee-b2ec-f80d8f3f49c5,48a4fd32-7782-4786-afa5-33f865427c80
66e5f16b-bf30-4a5b-9599-f1ad4c053072,Richard Santos,9f5732ae-a3c9-49dc-8c3b-2148e343d3ce,364f42f9-8e5b-4ccb-8e7e-5291d9b086e6
73194197-611e-49e3-ba5a-07da7fa5df71,James Mendoza,d2aedda9-212f-4616-abcd-ad63660da198,235657ad-1e2b-4706-a727-321477d7196c
9312d88a-074b-4a10-986c-264630e236af,Sydney Hamilton DDS,cfff0c6d-f33f-4f9b-b6fe-347fd792dc12,bfd0c62b-e289-4f85-9f02-720136931b75
d3f76762-70b3-454b-93bc-37833afde875,Brittany Dean,5181cae0-a98c-4d03-bd67-24bbd3bee374,9e16ae06-41c0-40e0-9b3e-669a511be1b9
375b3595-77f4-41d1-86c1-55458a3eaddc,Stephen Brown,fc5eebf2-61bc-4b4b-9677-18854e0fadd7,5a6dbbb6-5437-479b-a7d1-abed970b7f04
2385ef05-c9b6-4b7e-86d0-380a08c20c85,Autumn Fisher,b0c39dac-7fd0-48ad-8a28-5e87a9b24c8f,9f5732ae-a3c9-49dc-8c3b-2148e343d3ce
97ad1794-a013-41c1-b8d6-923e37318705,Melissa Thomas,f154746e-4926-47fb-9ee0-31d442557a2b,da57a617-622e-4a31-b659-fcb0342aac92
b6e021b7-4a9b-40f0-9d77-a506be7b4eb0,Michelle Pitts,d26b3a35-e4aa-4b01-9cbe-5047aaf4246a,19498413-8c33-4bd3-ac6a-1aab91c2da01
d36088cf-41e4-419e-8a41-d45a5b97df22,Alicia Jones,364f42f9-8e5b-4ccb-8e7e-5291d9b086e6,da57a617-622e-4a31-b659-fcb0342aac92
b8fcfa4e-fbe7-418b-8278-5f96c2c8f024,Erin Pearson,5a6dbbb6-5437-479b-a7d1-abed970b7f04,84e03489-d383-4dee-b2ec-f80d8f3f49c5
09bef97b-75b9-4681-a554-8d40a3c4aebe,Michael Brown,710b53cf-1f24-477a-8e55-111af9bcbb3c,c32ffec9-20cb-47d5-b9d9-b94624d5e46a
838a11c2-c832-4fe8-8902-4433c4d7911f,Cheryl Lewis,aeee9fcd-9f50-4cb5-a463-e8739eb37138,9e16ae06-41c0-40e0-9b3e-669a511be1b9
6025f35e-a899-469a-8738-03be1da232f0,Linda Fritz,d2aedda9-212f-4616-abcd-ad63660da198,511e4f00-0118-4143-9cff-4ba82be0cedb
6993878b-c1d9-4953-9bd0-e3ff596e7aa8,Melissa Spencer,5181cae0-a98c-4d03-bd67-24bbd3bee374,b0c39dac-7fd0-48ad-8a28-5e87a9b24c8f
c69061df-d8ed-44fb-b55b-a7a062ddc804,Michael Castillo DDS,177ac18d-a78f-4ada-8344-9b19fc364536,1840436e-d494-432a-bf03-df09cc8d961c
bbc89240-4e87-4988-bbd4-4a8ba49da74f,Christopher Powell,f154746e-4926-47fb-9ee0-31d442557a2b,e0962efb-82fc-4eb9-a3ab-e3f2f6977f46
03fb2874-ca7b-4537-ad7c-5015d72d15b9,Corey Gonzalez,b7ead4ae-93d0-447a-b416-66e49404e116,710b53cf-1f24-477a-8e55-111af9bcbb3c
7ee4c77a-187e-4409-ab1e-c6d49e35815d,Pamela Rodriguez,2cbcb12a-f7f4-4314-8670-86cbdb265265,9df5419e-88d0-44f3-8cd7-027e86c20957
f069d3a3-6558-47de-bc13-d7beb8c0e39b,Tracie Johnson,c32ffec9-20cb-47d5-b9d9-b94624d5e46a,338ab250-d86b-486e-802e-b45d9d25db46
ff2e2c5c-d7e8-4931-a7e3-ee8b418be321,Maurice Archer,f154746e-4926-47fb-9ee0-31d442557a2b,364f42f9-8e5b-4ccb-8e7e-5291d9b086e6
ee874e7e-bfb0-4d30-a136-85de82a66e60,Patricia Freeman,511e4f00-0118-4143-9cff-4ba82be0cedb,f154746e-4926-47fb-9ee0-31d442557a2b
c9d04145-f443-48a1-a9cb-21833384166b,Matthew Todd,2cbcb12a-f7f4-4314-8670-86cbdb265265,4f98550f-8bcc-4803-8d23-32bab1f6a3f6
86ec5fa0-0af7-4db9-b833-b1853a4257b0,Sonya Davis,cf8c20d6-d85d-4d28-855b-1d92667aebb6,0ef39266-9c75-49dc-8ea8-fe5a269f4abb
2f26e86d-de6d-499b-836b-52fb6eccf7d0,Megan Parsons,aeee9fcd-9f50-4cb5-a463-e8739eb37138,f154746e-4926-47fb-9ee0-31d442557a2b
6d0485f0-1e44-43af-bc76-6cbdf8b19ba4,Andrea Schmidt,75e0ba52-23f5-49ca-bb58-83f4066a7d25,021e3aae-f4ff-45e9-8f10-28699a4cbcf9
6d89cfd4-a640-4a69-8d9f-ab939287123d,Samantha Lambert,d26b3a35-e4aa-4b01-9cbe-5047aaf4246a,bd4c3b8d-356e-4ad4-b8c2-750e632c02f7
67419009-91ec-4d21-993a-e8ac3897b337,Adam Beltran DDS,2052b601-6234-4e7e-8518-e7e97989e85c,d26b3a35-e4aa-4b01-9cbe-5047aaf4246a
0b9a7d90-4e55-4ec4-8c73-dcd0a9f45076,Laura Aguilar,235657ad-1e2b-4706-a727-321477d7196c,e0962efb-82fc-4eb9-a3ab-e3f2f6977f46
c20b110e-8357-49b5-9168-7534a0a4607c,Jerry Eaton,48340b68-3373-4d32-98f7-acc01d7445a1,177ac18d-a78f-4ada-8344-9b19fc364536
65e027c8-d66b-4fde-b3e4-fd655792c852,Daisy Pitts,99f97a2a-4ca6-4e90-87d7-cced00065508,2cbcb12a-f7f4-4314-8670-86cbdb265265
03a7eb9c-01af-49d7-b3bf-eef3cd844178,Kathy Hernandez,4ba1d58a-7415-45b1-b486-b38280192eb4,2cbcb12a-f7f4-4314-8670-86cbdb265265
66df82dc-cd11-485d-b090-17cc9988082f,Shawna Ramsey,b7ead4ae-93d0-447a-b416-66e49404e116,cc37561e-5b34-4e41-99b1-76ffe52fe939
9a9f2845-689f-4c40-b2d6-ec1cf31db387,Darlene Franklin,cfff0c6d-f33f-4f9b-b6fe-347fd792dc12,2052b601-6234-4e7e-8518-e7e97989e85c
c2919463-5e24-48f0-bb8b-056473a75b4a,Derek Nichols,4ba1d58a-7415-45b1-b486-b38280192eb4,fc5eebf2-61bc-4b4b-9677-18854e0fadd7
445c7999-deee-4c1d-b46b-12874ef4e52e,Riley Singleton DDS,9df5419e-88d0-44f3-8cd7-027e86c20957,70a1f110-7c31-452d-b839-576917cba2de
c262b6e3-565e-43fa-9ddc-88149f6129c7,Tracy Brown,9e16ae06-41c0-40e0-9b3e-669a511be1b9,3ccbbd30-65b1-429b-98fb-0a1ab4f2c065
6ebe1464-8a36-40f0-bef6-d23befd9bb1a,Kimberly Peterson,1840436e-d494-432a-bf03-df09cc8d961c,70a1f110-7c31-452d-b839-576917cba2de
186cbd81-fce3-4eb7-a6d8-1ce6a9311388,Kevin Fuentes,48340b68-3373-4d32-98f7-acc01d7445a1,cc37561e-5b34-4e41-99b1-76ffe52fe939
198213e3-c1fd-443f-b05e-51e86c441564,Ariel Leblanc,f154746e-4926-47fb-9ee0-31d442557a2b,bd4c3b8d-356e-4ad4-b8c2-750e632c02f7
afa90f63-3caa-4c93-a2cb-ed05320819b0,Rebecca Bell,1128d0cf-95a8-43ad-9bf1-093bb9447769,6fc4dfac-52d7-483b-adf9-1ee3327dbcca
6ce15f25-14c1-4a65-a096-f10934c4ea47,Peter Gonzalez,0ef39266-9c75-49dc-8ea8-fe5a269f4abb,48340b68-3373-4d32-98f7-acc01d7445a1
953f2821-d7c7-43a8-a87b-ddaf95e6b1b1,Casey Harris,f154746e-4926-47fb-9ee0-31d442557a2b,84e03489-d383-4dee-b2ec-f80d8f3f49c5
232d1f51-cfe7-4814-a4e2-2d24866abb62,Lisa Davis,4f98550f-8bcc-4803-8d23-32bab1f6a3f6,710b53cf-1f24-477a-8e55-111af9bcbb3c
ab08cf34-9b11-44cf-bac1-f2e3f48cc211,Cheryl Cannon,de423d37-0ea6-4798-86b3-1290857737f1,bd4c3b8d-356e-4ad4-b8c2-750e632c02f7
9e66f91f-8f90-4662-99af-515b4432b1f7,Melissa Shields,fc5eebf2-61bc-4b4b-9677-18854e0fadd7,48a4fd32-7782-4786-afa5-33f865427c80
d0c57714-52e1-4a03-b429-ece2222a1986,Jason Bryant,338ab250-d86b-486e-802e-b45d9d25db46,5a6dbbb6-5437-479b-a7d1-abed970b7f04
2565aa31-e634-4ccd-9b2a-7b38f77ffc2b,Melanie Carpenter,c32ffec9-20cb-47d5-b9d9-b94624d5e46a,021e3aae-f4ff-45e9-8f10-28699a4cbcf9
f1daef39-b05d-4f85-a474-1849128b17a5,Janice Romero,2cbcb12a-f7f4-4314-8670-86cbdb265265,de423d37-0ea6-4798-86b3-1290857737f1
d0ca34f7-7a1f-485b-933e-5fda122afc06,Joshua Evans,5181cae0-a98c-4d03-bd67-24bbd3bee374,4f98550f-8bcc-4803-8d23-32bab1f6a3f6
f1c48a1b-0de1-4855-8246-689d362c7496,Brian Sharp,6fc4dfac-52d7-483b-adf9-1ee3327dbcca,94a2d563-8a72-4277-bd18-a88e92fe3bc9
fcfce1a8-207e-417e-bcee-11dd8fb33787,Jeffrey Gonzales,4ba1d58a-7415-45b1-b486-b38280192eb4,6fc4dfac-52d7-483b-adf9-1ee3327dbcca
cd8e49e9-93bd-4e6d-97b4-db81ec1eecb3,Javier Orozco,4f98550f-8bcc-4803-8d23-32bab1f6a3f6,b0c39dac-7fd0-48ad-8a28-5e87a9b24c8f
fa3d6be1-5f89-4f0f-88d8-635e3849d83b,Rose Simmons,cf8c20d6-d85d-4d28-855b-1d92667aebb6,710b53cf-1f24-477a-8e55-111af9bcbb3c
9e47d901-5c96-4223-88ec-969e244da851,Vickie Price,2cbcb12a-f7f4-4314-8670-86cbdb265265,710b53cf-1f24-477a-8e55-111af9bcbb3c
161e80e0-fb63-4205-a254-94345173db04,Kevin Warner,0ef39266-9c75-49dc-8ea8-fe5a269f4abb,b0c39dac-7fd0-48ad-8a28-5e87a9b24c8f
11b45d2c-9448-4985-9119-3d837feebd10,Richard Herrera,710b53cf-1f24-477a-8e55-111af9bcbb3c,338ab250-d86b-486e-802e-b45d9d25db46
e269c356-1a1f-41be-b8bc-3f54b7b6b3af,Donald Patton MD,b0c39dac-7fd0-48ad-8a28-5e87a9b24c8f,cf8c20d6-d85d-4d28-855b-1d92667aebb6
27119e9a-df0d-460b-b8c5-0bf84fb2a5bc,Jeffrey Davis,84e03489-d383-4dee-b2ec-f80d8f3f49c5,da57a617-622e-4a31-b659-fcb0342aac92
0c5d7a0a-e188-4e20-b115-2e9d69f88241,Jennifer Cox,4ba1d58a-7415-45b1-b486-b38280192eb4,b7ead4ae-93d0-447a-b416-66e49404e116
f2465ad6-bdd5-4cec-868a-212509d9677a,Heather Torres,511e4f00-0118-4143-9cff-4ba82be0cedb,da57a617-622e-4a31-b659-fcb0342aac92
5c6a4ced-0086-4781-97b6-f8aef91323ba,John Davis,99f97a2a-4ca6-4e90-87d7-cced00065508,b0c39dac-7fd0-48ad-8a28-5e87a9b24c8f
159782c1-90f3-4e19-bb6b-b4b057b04434,Nancy Olson,c32ffec9-20cb-47d5-b9d9-b94624d5e46a,cc37561e-5b34-4e41-99b1-76ffe52fe939
1e93ad55-cd23-4ce2-be0d-ceb7e03331f6,James Dean,da57a617-622e-4a31-b659-fcb0342aac92,5a6dbbb6-5437-479b-a7d1-abed970b7f04
279cde09-686e-4225-8824-bd83d290c91b,Robert Ashley,70a1f110-7c31-452d-b839-576917cba2de,c32ffec9-20cb-47d5-b9d9-b94624d5e46a
51e18d4d-6cac-47b8-9ae2-afe37f16b7cd,Tammy King,bfd0c62b-e289-4f85-9f02-720136931b75,b0c39dac-7fd0-48ad-8a28-5e87a9b24c8f
fcf55e30-4d3e-4040-b39a-6e8967dc04f4,Lacey Rodriguez,0ef39266-9c75-49dc-8ea8-fe5a269f4abb,75e0ba52-23f5-49ca-bb58-83f4066a7d25
73cee6f7-7dba-4167-8227-a558a1f184f2,Andrew Nicholson,2cbcb12a-f7f4-4314-8670-86cbdb265265,70a1f110-7c31-452d-b839-576917cba2de
5e9ffb44-c83b-442c-8517-125842de42c0,Tamara Sanders,39d8c78c-18ef-42d7-b185-dc5ab44a0439,364f42f9-8e5b-4ccb-8e7e-5291d9b086e6
f3ca117c-48d8-4337-8371-39a021688d59,Peggy Stewart,2052b601-6234-4e7e-8518-e7e97989e85c,e0962efb-82fc-4eb9-a3ab-e3f2f6977f46
9a439e17-4d34-4de7-8b83-824b95aa5ab7,Karen Oconnor,177ac18d-a78f-4ada-8344-9b19fc364536,5181cae0-a98c-4d03-bd67-24bbd3bee374
c199b3d5-92e7-48a6-881f-2163a63053d0,Linda Smith,740c49d4-61f0-4c42-99a5-dc912923b731,19498413-8c33-4bd3-ac6a-1aab91c2da01
ab1f5e30-bfea-4283-9a13-d06b33e15094,Stephen Lee,710b53cf-1f24-477a-8e55-111af9bcbb3c,cfff0c6d-f33f-4f9b-b6fe-347fd792dc12
b45e07ad-adbc-4dc5-91b1-e643a2c42c6f,Laurie Ray,4f98550f-8bcc-4803-8d23-32bab1f6a3f6,6fc4dfac-52d7-483b-adf9-1ee3327dbcca
6f9a5ead-7dda-4fb8-be9f-d52eeeaeec22,Tiffany Collins,fc5eebf2-61bc-4b4b-9677-18854e0fadd7,cfff0c6d-f33f-4f9b-b6fe-347fd792dc12
db5cb3d9-4ecc-4940-b60b-ebd631d654f5,Maria Lloyd,9e16ae06-41c0-40e0-9b3e-669a511be1b9,19498413-8c33-4bd3-ac6a-1aab91c2da01
a96ac1ec-ed40-4219-9aa7-936fc2688514,Jennifer Salazar,d2aedda9-212f-4616-abcd-ad63660da198,bfd0c62b-e289-4f85-9f02-720136931b75
5320b048-f68b-4d48-8579-feaf26a2faba,Pamela Allen,e0962efb-82fc-4eb9-a3ab-e3f2f6977f46,4ba1d58a-7415-45b1-b486-b38280192eb4
31042907-5f56-484d-8563-e281acb30d2e,Nicholas Adams,4f98550f-8bcc-4803-8d23-32bab1f6a3f6,cfff0c6d-f33f-4f9b-b6fe-347fd792dc12
349f3306-ea2e-4e3b-a00f-a82f4b3f9a4b,Jamie Williams,48340b68-3373-4d32-98f7-acc01d7445a1,e0962efb-82fc-4eb9-a3ab-e3f2f6977f46
b65b01f3-257b-4d17-be03-b7a820d95a6b,Michael Sullivan,9e16ae06-41c0-40e0-9b3e-669a511be1b9,da57a617-622e-4a31-b659-fcb0342aac92
27081bb8-19c8-4045-ad2a-8380e533158e,Melissa Ayala,0ef39266-9c75-49dc-8ea8-fe5a269f4abb,19498413-8c33-4bd3-ac6a-1aab91c2da01
75d5455a-8c13-42b5-959a-728f8427141f,Jose Moss,aeee9fcd-9f50-4cb5-a463-e8739eb37138,de423d37-0ea6-4798-86b3-1290857737f1
3ad7c896-49ae-43db-878d-768ba5f8a016,Erin Ortiz,f154746e-4926-47fb-9ee0-31d442557a2b,39d8c78c-18ef-42d7-b185-dc5ab44a0439
8ea16754-8b48-4b34-a876-b51d168e0b8c,Jennifer Lopez,39d8c78c-18ef-42d7-b185-dc5ab44a0439,75e0ba52-23f5-49ca-bb58-83f4066a7d25
4109e247-c263-4bcc-900d-308de33871ee,Michael Chase,1840436e-d494-432a-bf03-df09cc8d961c,1128d0cf-95a8-43ad-9bf1-093bb9447769
ee2cb680-8a8f-4f4c-a228-8da91c16606f,Jane Martin,70a1f110-7c31-452d-b839-576917cba2de,bd4c3b8d-356e-4ad4-b8c2-750e632c02f7
3d3a3e32-743a-4297-9365-c9e93d874ede,Amy Coleman,cf631c6f-6e98-42a7-848f-8974b6053089,48340b68-3373-4d32-98f7-acc01d7445a1
4906f8cb-a724-4df4-b309-e744d9ffbdd8,Lisa Cox,5181cae0-a98c-4d03-bd67-24bbd3bee374,da57a617-622e-4a31-b659-fcb0342aac92
f0050cd5-f481-4b6f-937b-f7442553f8f5,Joshua Hopkins,338ab250-d86b-486e-802e-b45d9d25db46,aeee9fcd-9f50-4cb5-a463-e8739eb37138
eab81785-0f79-4e4d-81d7-57e239ebafd1,James Harris,b7ead4ae-93d0-447a-b416-66e49404e116,b0c39dac-7fd0-48ad-8a28-5e87a9b24c8f
1355882f-3f04-4a2f-a84b-dbbb2de55be4,Elizabeth Perez,cf631c6f-6e98-42a7-848f-8974b6053089,364f42f9-8e5b-4ccb-8e7e-5291d9b086e6
eacfcab4-fc5d-44ac-8af8-56d4b43d154f,Chris Howard,e0962efb-82fc-4eb9-a3ab-e3f2f6977f46,fc5eebf2-61bc-4b4b-9677-18854e0fadd7
26c2e679-9c78-4c89-8d35-e63d17215941,Stephanie Estrada,364f42f9-8e5b-4ccb-8e7e-5291d9b086e6,4ba1d58a-7415-45b1-b486-b38280192eb4
c5257f9e-9509-4839-a06f-00c4cfebddbd,Kimberly Robertson,cf8c20d6-d85d-4d28-855b-1d92667aebb6,021e3aae-f4ff-45e9-8f10-28699a4cbcf9
7a937608-2a0a-4e89-8742-1ae67473ccb6,Steven Farmer,0ef39266-9c75-49dc-8ea8-fe5a269f4abb,4a0c6738-1cb6-4a7b-8a3a-0a267629b5b4
5d12abb4-7ca6-453d-b4eb-6c687060cae1,Timothy Rodriguez,cfff0c6d-f33f-4f9b-b6fe-347fd792dc12,aeee9fcd-9f50-4cb5-a463-e8739eb37138
7ba43239-663e-4530-aca3-a81cf100bb85,Elizabeth Newton,338ab250-d86b-486e-802e-b45d9d25db46,f154746e-4926-47fb-9ee0-31d442557a2b
c9f67326-600b-46aa-85eb-d2b1f78546f0,Donna Jordan,9df5419e-88d0-44f3-8cd7-027e86c20957,338ab250-d86b-486e-802e-b45d9d25db46
020058a0-e9c7-40e9-b0b8-1f5834aa584c,Matthew Guzman,e0962efb-82fc-4eb9-a3ab-e3f2f6977f46,cf631c6f-6e98-42a7-848f-8974b6053089
2114cf24-a8bf-49d1-8e20-c7c2397b1015,Arthur Thompson,710b53cf-1f24-477a-8e55-111af9bcbb3c,48340b68-3373-4d32-98f7-acc01d7445a1
bad934f6-077e-4998-9abb-5d2cf89f815e,Gary Goodman,f154746e-4926-47fb-9ee0-31d442557a2b,94a2d563-8a72-4277-bd18-a88e92fe3bc9
db020308-74d3-475f-aa02-fd9e6ec9b3db,Danielle Vazquez,5181cae0-a98c-4d03-bd67-24bbd3bee374,5181cae0-a98c-4d03-bd67-24bbd3bee374
3c7df1e4-bf61-4e36-af3d-22291aa01b47,Gail Bailey,177ac18d-a78f-4ada-8344-9b19fc364536,aeee9fcd-9f50-4cb5-a463-e8739eb37138
0caa5d22-9e7f-4690-a483-e06de73a6b47,Timothy Brown,cf8c20d6-d85d-4d28-855b-1d92667aebb6,b0c39dac-7fd0-48ad-8a28-5e87a9b24c8f
0d81e691-7210-4bc2-9f14-af850926d77e,Brandi Miller,fc5eebf2-61bc-4b4b-9677-18854e0fadd7,1840436e-d494-432a-bf03-df09cc8d961c
6ef614c3-9977-4eec-adeb-0378c8ca7b99,Grant Estes,1128d0cf-95a8-43ad-9bf1-093bb9447769,84e03489-d383-4dee-b2ec-f80d8f3f49c5
7886b59c-e1ca-4af7-b0e0-0acc6bbf691f,Caroline Middleton,da57a617-622e-4a31-b659-fcb0342aac92,cfff0c6d-f33f-4f9b-b6fe-347fd792dc12
9531b9cf-5863-43f4-81aa-15258fa5e2ef,Tara Duncan,bd4c3b8d-356e-4ad4-b8c2-750e632c02f7,de423d37-0ea6-4798-86b3-1290857737f1
7d80418f-9aee-4062-84c8-5ebc00c0a8be,Gary King,338ab250-d86b-486e-802e-b45d9d25db46,e0962efb-82fc-4eb9-a3ab-e3f2f6977f46
349e64bd-d20c-429a-b7fc-849485f76469,Jessica Graham,da57a617-622e-4a31-b659-fcb0342aac92,48340b68-3373-4d32-98f7-acc01d7445a1
598b5879-d572-44aa-b90e-39d4651c52a3,Robert Matthews,70a1f110-7c31-452d-b839-576917cba2de,da57a617-622e-4a31-b659-fcb0342aac92
d658b702-1dd1-43a3-96d2-1651d2c98484,David Ruiz,740c49d4-61f0-4c42-99a5-dc912923b731,75e0ba52-23f5-49ca-bb58-83f4066a7d25
7c261cc7-519a-4182-aa98-3f8f17a175d4,Christopher Moses,cfff0c6d-f33f-4f9b-b6fe-347fd792dc12,48a4fd32-7782-4786-afa5-33f865427c80
c97a2d66-d32b-450a-a488-9737e254272c,Angel Hill,39d8c78c-18ef-42d7-b185-dc5ab44a0439,cf8c20d6-d85d-4d28-855b-1d92667aebb6
f3f278ed-0359-40d9-a99a-b3ae49f32f72,Victoria Lopez,de423d37-0ea6-4798-86b3-1290857737f1,338ab250-d86b-486e-802e-b45d9d25db46
68ae9912-fe33-417b-b05b-2fdf0c4849a5,Mary Anderson,84e03489-d383-4dee-b2ec-f80d8f3f49c5,cfff0c6d-f33f-4f9b-b6fe-347fd792dc12
ef21afc1-cfb4-4f5d-9218-447a3b51df3d,Sarah Garrett,364f42f9-8e5b-4ccb-8e7e-5291d9b086e6,d26b3a35-e4aa-4b01-9cbe-5047aaf4246a
e763a436-a11c-4ecf-ab89-9dff51bbd30e,Joshua Robles,021e3aae-f4ff-45e9-8f10-28699a4cbcf9,3ccbbd30-65b1-429b-98fb-0a1ab4f2c065
ec81df8d-a63e-41f9-bd32-dc87d365a8c2,Brittany Gray,f154746e-4926-47fb-9ee0-31d442557a2b,bfd0c62b-e289-4f85-9f02-720136931b75
aba3949a-0e56-40c9-924c-0dcba3aaac61,William Wood,19498413-8c33-4bd3-ac6a-1aab91c2da01,d2aedda9-212f-4616-abcd-ad63660da198
17973ed7-4ed7-47c2-bc45-18e788a6498e,Angela Turner DDS,cc37561e-5b34-4e41-99b1-76ffe52fe939,4a0c6738-1cb6-4a7b-8a3a-0a267629b5b4
02703ec4-22a1-4161-bcf4-5767bd50f822,Mary Dunn,4f98550f-8bcc-4803-8d23-32bab1f6a3f6,b7ead4ae-93d0-447a-b416-66e49404e116
a1201fc1-8882-452b-967d-ff84af94eaaa,Brian Blankenship,da57a617-622e-4a31-b659-fcb0342aac92,c32ffec9-20cb-47d5-b9d9-b94624d5e46a
4cefd0fa-8982-4d0c-a955-6ac6dd82865d,Amanda Cervantes,0ef39266-9c75-49dc-8ea8-fe5a269f4abb,bfd0c62b-e289-4f85-9f02-720136931b75
a89abae7-19db-4623-b353-14df7e02c420,Michael Newman,021e3aae-f4ff-45e9-8f10-28699a4cbcf9,2052b601-6234-4e7e-8518-e7e97989e85c
6083346a-59be-4256-abe3-169384894146,Nicholas Young MD,3ccbbd30-65b1-429b-98fb-0a1ab4f2c065,bd4c3b8d-356e-4ad4-b8c2-750e632c02f7
ea80be27-dfcb-473a-8a0b-98efc0be36cd,Deborah Lloyd,cf8c20d6-d85d-4d28-855b-1d92667aebb6,cfff0c6d-f33f-4f9b-b6fe-347fd792dc12
8b340c79-65b3-4be2-a4c7-4e4d70851d42,Deborah Sanchez,4ba1d58a-7415-45b1-b486-b38280192eb4,021e3aae-f4ff-45e9-8f10-28699a4cbcf9
974b8ef0-fc2e-4923-923e-5671915f348d,Eddie Salazar,bd4c3b8d-356e-4ad4-b8c2-750e632c02f7,710b53cf-1f24-477a-8e55-111af9bcbb3c
b88091ea-5458-41b3-8e70-6c170947407d,Evan Wilson,de423d37-0ea6-4798-86b3-1290857737f1,b7ead4ae-93d0-447a-b416-66e49404e116
8155dcff-68f5-43bf-8a41-0d7b659d2be0,Michael Alvarez,75e0ba52-23f5-49ca-bb58-83f4066a7d25,2cbcb12a-f7f4-4314-8670-86cbdb265265
8d390cc4-69ac-42f0-abc9-d675cc72b7b9,Brooke Adkins,da57a617-622e-4a31-b659-fcb0342aac92,de423d37-0ea6-4798-86b3-1290857737f1
b400f2ad-9347-4696-979e-3ee3d0c9611d,Robert Rosales,710b53cf-1f24-477a-8e55-111af9bcbb3c,1840436e-d494-432a-bf03-df09cc8d961c
6f4528a1-c699-400e-9184-6af16b0ac5e7,Paul Irwin,710b53cf-1f24-477a-8e55-111af9bcbb3c,235657ad-1e2b-4706-a727-321477d7196c
5bba174c-f004-4c5a-9497-02ec0ebea903,Linda Cooper,511e4f00-0118-4143-9cff-4ba82be0cedb,2cbcb12a-f7f4-4314-8670-86cbdb265265
a854cc72-b7cc-45a0-81a7-1cb78f318163,Mary Kelly,48340b68-3373-4d32-98f7-acc01d7445a1,511e4f00-0118-4143-9cff-4ba82be0cedb
8b9039c5-1d03-4890-bd58-23cce80dcf70,Pamela Meadows,cfff0c6d-f33f-4f9b-b6fe-347fd792dc12,cf8c20d6-d85d-4d28-855b-1d92667aebb6
ab5c8d60-d0ae-4fb3-802e-113fa7565b6f,Christina Brown,cc37561e-5b34-4e41-99b1-76ffe52fe939,f154746e-4926-47fb-9ee0-31d442557a2b
b5220075-4da9-49a2-a0f7-a856b745815c,John Carpenter,1840436e-d494-432a-bf03-df09cc8d961c,48340b68-3373-4d32-98f7-acc01d7445a1
26bb08d6-29dd-410a-9a88-db2a24fec1e7,Ronald Morales,710b53cf-1f24-477a-8e55-111af9bcbb3c,39d8c78c-18ef-42d7-b185-dc5ab44a0439
2c39b656-a025-4e2f-941f-2409fc8412e0,Joshua Herring,cf631c6f-6e98-42a7-848f-8974b6053089,177ac18d-a78f-4ada-8344-9b19fc364536
27628450-6825-4704-bdfc-fb3b603bab31,Jill Gonzales,8803703f-a7ab-45d1-ab0b-ea4205ca2a2e,5181cae0-a98c-4d03-bd67-24bbd3bee374
87ee7b88-5b4f-4df0-901f-d0d4a528ad8a,Craig Mills,bfd0c62b-e289-4f85-9f02-720136931b75,75e0ba52-23f5-49ca-bb58-83f4066a7d25
6b2ac44a-0af6-449b-afc6-808b57e7f56f,Mr. Charles Young,4ba1d58a-7415-45b1-b486-b38280192eb4,de423d37-0ea6-4798-86b3-1290857737f1
a4aa211c-8e4f-4226-aea0-1c42daf5adf6,Eric Nichols,8803703f-a7ab-45d1-ab0b-ea4205ca2a2e,1840436e-d494-432a-bf03-df09cc8d961c
003fce29-9037-4971-b454-de40fe18bed1,Deborah Gutierrez,75e0ba52-23f5-49ca-bb58-83f4066a7d25,b0c39dac-7fd0-48ad-8a28-5e87a9b24c8f
96d80019-14fe-40fd-b7fb-7eb5ae3c8924,Crystal Silva,3ccbbd30-65b1-429b-98fb-0a1ab4f2c065,740c49d4-61f0-4c42-99a5-dc912923b731
9306820b-9f66-47f1-92a9-640015a11f68,Joan Cohen,48a4fd32-7782-4786-afa5-33f865427c80,0ef39266-9c75-49dc-8ea8-fe5a269f4abb
82cc485a-c71b-4217-9373-c35336670a47,Stephen Riley,cc37561e-5b34-4e41-99b1-76ffe52fe939,2cbcb12a-f7f4-4314-8670-86cbdb265265
0ece3608-0819-4493-84ae-7f3d2ea5afff,David Schwartz,9f5732ae-a3c9-49dc-8c3b-2148e343d3ce,cc37561e-5b34-4e41-99b1-76ffe52fe939
5f93584a-2be4-4bf7-a0b2-f9493767bf12,Jose Maynard,9f5732ae-a3c9-49dc-8c3b-2148e343d3ce,2052b601-6234-4e7e-8518-e7e97989e85c
d74ea942-38ca-4ec8-8622-cc514a2aae49,Kristin Shepherd,75e0ba52-23f5-49ca-bb58-83f4066a7d25,cf631c6f-6e98-42a7-848f-8974b6053089
735d79a3-f909-4c8d-9dd1-c6d54e02b9ea,Stephen Cooper,39d8c78c-18ef-42d7-b185-dc5ab44a0439,aeee9fcd-9f50-4cb5-a463-e8739eb37138
92b62fa7-a4d0-44f1-b243-eb4dac3ec893,Gregory West,c32ffec9-20cb-47d5-b9d9-b94624d5e46a,39d8c78c-18ef-42d7-b185-dc5ab44a0439
6615a4ae-0f47-4249-9173-b52232742171,Matthew Hurst,2cbcb12a-f7f4-4314-8670-86cbdb265265,94a2d563-8a72-4277-bd18-a88e92fe3bc9
c881709c-d904-4327-b899-776e64b59878,Amber Chase,cf631c6f-6e98-42a7-848f-8974b6053089,bfd0c62b-e289-4f85-9f02-720136931b75
c1ae9586-2b62-422b-985d-29935001f2eb,Jennifer Clark,4f98550f-8bcc-4803-8d23-32bab1f6a3f6,48a4fd32-7782-4786-afa5-33f865427c80
2e40f3b4-ca8c-46b0-a52f-9414fae68e8e,Raymond Kane,cf8c20d6-d85d-4d28-855b-1d92667aebb6,4a0c6738-1cb6-4a7b-8a3a-0a267629b5b4
62defde4-d0ca-42d2-a180-affec4790755,Lindsey Romero,6fc4dfac-52d7-483b-adf9-1ee3327dbcca,84e03489-d383-4dee-b2ec-f80d8f3f49c5
3d6b3e54-cd5f-4793-baaf-88047c4763a5,Michelle Lee,1128d0cf-95a8-43ad-9bf1-093bb9447769,5a6dbbb6-5437-479b-a7d1-abed970b7f04
7459a92f-4f4d-45d2-9c1a-fc098445a7f4,Crystal Caldwell,1128d0cf-95a8-43ad-9bf1-093bb9447769,39d8c78c-18ef-42d7-b185-dc5ab44a0439
01b6f6a6-0e80-44af-8961-715375f21a6b,Cindy Scott,d26b3a35-e4aa-4b01-9cbe-5047aaf4246a,0ef39266-9c75-49dc-8ea8-fe5a269f4abb
ce635bea-49e1-49c3-8d7d-0bf134318139,Caroline Reynolds,70a1f110-7c31-452d-b839-576917cba2de,cf631c6f-6e98-42a7-848f-8974b6053089
b7b4569a-b75e-4f38-a54d-50b514eb6a82,Shelby Johnson,5a6dbbb6-5437-479b-a7d1-abed970b7f04,3ccbbd30-65b1-429b-98fb-0a1ab4f2c065
2f302bb9-0aa2-42f5-b3e3-e5e49d59b252,Frank Howe,fc5eebf2-61bc-4b4b-9677-18854e0fadd7,da57a617-622e-4a31-b659-fcb0342aac92
fbed8c7e-7eea-4240-a1bd-bbe276cf1f72,Michael Rogers,235657ad-1e2b-4706-a727-321477d7196c,740c49d4-61f0-4c42-99a5-dc912923b731
2314e4f7-cf77-4621-ac49-ff4a7a31ae21,Preston Hunter,511e4f00-0118-4143-9cff-4ba82be0cedb,d26b3a35-e4aa-4b01-9cbe-5047aaf4246a
2cac181f-5af7-4359-b420-a68aaa1e788e,Amy Scott,511e4f00-0118-4143-9cff-4ba82be0cedb,70a1f110-7c31-452d-b839-576917cba2de
5689ac0a-fa86-4738-a5a7-21f6bf642c28,Vincent Russell,39d8c78c-18ef-42d7-b185-dc5ab44a0439,70a1f110-7c31-452d-b839-576917cba2de
3520ac9a-f4a0-4611-b1b3-31c7f1950202,Jennifer Guzman,177ac18d-a78f-4ada-8344-9b19fc364536,021e3aae-f4ff-45e9-8f10-28699a4cbcf9
3ec32178-8e41-4459-b14d-764f1f2242fc,Elizabeth Johnson,d2aedda9-212f-4616-abcd-ad63660da198,710b53cf-1f24-477a-8e55-111af9bcbb3c
996c0231-343c-4991-84c5-2f8e356535fd,Calvin Johnson,39d8c78c-18ef-42d7-b185-dc5ab44a0439,9f5732ae-a3c9-49dc-8c3b-2148e343d3ce
405653e0-3457-40c7-befe-7aa972cdaac5,Mr. Lee Harris,75e0ba52-23f5-49ca-bb58-83f4066a7d25,aeee9fcd-9f50-4cb5-a463-e8739eb37138
f23aa504-8a24-4ee4-8248-5dc6bf879eff,Charles Hamilton,d26b3a35-e4aa-4b01-9cbe-5047aaf4246a,e0962efb-82fc-4eb9-a3ab-e3f2f6977f46
87693911-aaf0-46e6-9d30-51740d20011b,Aaron Price,cc37561e-5b34-4e41-99b1-76ffe52fe939,1128d0cf-95a8-43ad-9bf1-093bb9447769
b5079d0f-cf2f-4385-9f9a-f0e89b1cc9df,Michelle Gutierrez,d26b3a35-e4aa-4b01-9cbe-5047aaf4246a,740c49d4-61f0-4c42-99a5-dc912923b731
ff166afb-9880-43be-a78a-c4527e93881e,Michael Torres,e0962efb-82fc-4eb9-a3ab-e3f2f6977f46,6fc4dfac-52d7-483b-adf9-1ee3327dbcca
8de9ce53-4d2c-4c7c-b783-e95def5484d1,Kim Hill,bd4c3b8d-356e-4ad4-b8c2-750e632c02f7,0ef39266-9c75-49dc-8ea8-fe5a269f4abb
eba52544-bd62-42b2-8ab4-74bd9668b0e3,Natalie Martinez,cf8c20d6-d85d-4d28-855b-1d92667aebb6,4f98550f-8bcc-4803-8d23-32bab1f6a3f6
1972de51-11e6-48b5-a586-ba47efa530e9,Travis Davis,9df5419e-88d0-44f3-8cd7-027e86c20957,710b53cf-1f24-477a-8e55-111af9bcbb3c
984b22b6-3422-4648-995b-8d9a0377268d,John Brown,3ccbbd30-65b1-429b-98fb-0a1ab4f2c065,cf8c20d6-d85d-4d28-855b-1d92667aebb6
525ce397-eb44-4cd2-8dc6-0c7556b40348,Preston Tanner,9df5419e-88d0-44f3-8cd7-027e86c20957,364f42f9-8e5b-4ccb-8e7e-5291d9b086e6
691822bb-2b8f-4b59-838d-f31d01adca08,Sarah Price,1840436e-d494-432a-bf03-df09cc8d961c,2052b601-6234-4e7e-8518-e7e97989e85c
92a6e636-5998-4630-8afd-6e2c7e46363e,Shawn Cook,2052b601-6234-4e7e-8518-e7e97989e85c,9df5419e-88d0-44f3-8cd7-027e86c20957
f9c7cd3d-6f22-484e-98a9-df7fbd4e9c87,Samuel Cox,c32ffec9-20cb-47d5-b9d9-b94624d5e46a,cf8c20d6-d85d-4d28-855b-1d92667aebb6
500f3611-d902-4682-8e87-d9a2337ecd53,Mr. Andrew James MD,94a2d563-8a72-4277-bd18-a88e92fe3bc9,2cbcb12a-f7f4-4314-8670-86cbdb265265
d8f7cf52-90b6-4ee9-b3ba-b946154aa78e,Thomas Parker,2cbcb12a-f7f4-4314-8670-86cbdb265265,48a4fd32-7782-4786-afa5-33f865427c80
88dca2ed-ffd5-456e-99f6-5383e75e4f70,Larry Schultz,cfff0c6d-f33f-4f9b-b6fe-347fd792dc12,cf8c20d6-d85d-4d28-855b-1d92667aebb6
41182d0c-4562-4a45-8867-764fd1950d77,Dean Wilcox,4f98550f-8bcc-4803-8d23-32bab1f6a3f6,1128d0cf-95a8-43ad-9bf1-093bb9447769
e8e98322-8f48-4903-b253-72212514a8d5,Natalie Taylor,8803703f-a7ab-45d1-ab0b-ea4205ca2a2e,c32ffec9-20cb-47d5-b9d9-b94624d5e46a
9c03c0c8-f501-4bb5-8be5-c46892bc7d1a,Adam Gonzalez,94a2d563-8a72-4277-bd18-a88e92fe3bc9,fc5eebf2-61bc-4b4b-9677-18854e0fadd7
c6e591ed-4244-455b-9155-09c3ca1f93dc,Gina Smith,de423d37-0ea6-4798-86b3-1290857737f1,511e4f00-0118-4143-9cff-4ba82be0cedb
dc15e136-2559-4594-a2af-ca96682990a8,Dr. Sabrina Ramirez MD,6fc4dfac-52d7-483b-adf9-1ee3327dbcca,fc5eebf2-61bc-4b4b-9677-18854e0fadd7
ac64b705-8220-47c6-87f6-8dffecf3f4d8,Nicholas Thomas,511e4f00-0118-4143-9cff-4ba82be0cedb,84e03489-d383-4dee-b2ec-f80d8f3f49c5
de7cd5c3-12b4-45ce-b92a-d186754a9924,Debbie Jones,0ef39266-9c75-49dc-8ea8-fe5a269f4abb,740c49d4-61f0-4c42-99a5-dc912923b731
e1712f92-e2d1-4a9a-90e0-a403fa175c4e,Erin Chan,1128d0cf-95a8-43ad-9bf1-093bb9447769,8803703f-a7ab-45d1-ab0b-ea4205ca2a2e
74beb171-1645-46b5-b221-e845f69bd54b,Jonathan Hernandez,710b53cf-1f24-477a-8e55-111af9bcbb3c,75e0ba52-23f5-49ca-bb58-83f4066a7d25
aa060da9-d54a-4298-b4da-4e48832b1e48,Julie Moody,da57a617-622e-4a31-b659-fcb0342aac92,cf631c6f-6e98-42a7-848f-8974b6053089
f6039b56-f484-4585-91cf-9430175fd7a4,Candice Wilkerson,19498413-8c33-4bd3-ac6a-1aab91c2da01,cc37561e-5b34-4e41-99b1-76ffe52fe939
a83a560a-656a-4486-9f85-efd0bf609364,Gabriella Schmitt,70a1f110-7c31-452d-b839-576917cba2de,4f98550f-8bcc-4803-8d23-32bab1f6a3f6
acb4b768-8eeb-42d3-880c-4accd00dd592,Daniel Scott,da57a617-622e-4a31-b659-fcb0342aac92,4a0c6738-1cb6-4a7b-8a3a-0a267629b5b4
7595cbbc-17b4-44e7-a511-966124ff7383,Connor Wagner,84e03489-d383-4dee-b2ec-f80d8f3f49c5,338ab250-d86b-486e-802e-b45d9d25db46
34f66332-791b-4489-935d-be81160a7a6c,Tony Howard,da57a617-622e-4a31-b659-fcb0342aac92,75e0ba52-23f5-49ca-bb58-83f4066a7d25
93f1caff-3387-4d48-9d57-867fd71d8f8b,Jon Young,0ef39266-9c75-49dc-8ea8-fe5a269f4abb,364f42f9-8e5b-4ccb-8e7e-5291d9b086e6
2a44d912-6915-4385-9bb1-529dba51340b,James Ponce,aeee9fcd-9f50-4cb5-a463-e8739eb37138,9f5732ae-a3c9-49dc-8c3b-2148e343d3ce
45b05188-85be-4e7f-b237-3033f673e4d1,Jessica Reynolds,8803703f-a7ab-45d1-ab0b-ea4205ca2a2e,94a2d563-8a72-4277-bd18-a88e92fe3bc9
ff94c07c-d14a-40f6-b45a-22577c9c6cc5,Sarah Arias,48a4fd32-7782-4786-afa5-33f865427c80,b7ead4ae-93d0-447a-b416-66e49404e116
b0b6240a-c9c5-44ba-8a64-160c7ace8b01,Tina Perez,70a1f110-7c31-452d-b839-576917cba2de,fc5eebf2-61bc-4b4b-9677-18854e0fadd7
a607d314-49ca-4f7f-aec6-574e718d1480,William Henry,1840436e-d494-432a-bf03-df09cc8d961c,511e4f00-0118-4143-9cff-4ba82be0cedb
9698a56e-8482-45de-aa23-20aa74c7b78f,Heather Hodge,3ccbbd30-65b1-429b-98fb-0a1ab4f2c065,cf631c6f-6e98-42a7-848f-8974b6053089
05aaffd3-cbf6-4ddf-a380-4e356da0b97f,Erin Rogers,177ac18d-a78f-4ada-8344-9b19fc364536,48a4fd32-7782-4786-afa5-33f865427c80
82f89dc2-e72a-45bf-93fa-810fa91bb819,Matthew Weaver,2052b601-6234-4e7e-8518-e7e97989e85c,9df5419e-88d0-44f3-8cd7-027e86c20957
